Date,Open,High,Low,Close,Volume,SMA_5_Open,SMA_10_Open,Daily_Return,Daily_Volatility,Rolling_Volatility_10,Intraday_Sentiment,Overnight_Gap,Next_Day_Open
2021-01-14,897.6171875,907.7240600585938,894.8712768554688,904.8165893554688,21553242,892.38837890625,900.2408020019532,1.1244106283356798,12.852783203125,18.056170654296853,7.19940185546875,2.861328125,904.8165893554688
2021-01-15,904.8165893554688,910.9083862304688,886.102783203125,894.1328735351562,20593268,896.320361328125,898.9762939453125,-1.1807603823801318,24.80560302734375,19.84448242187498,-10.6837158203125,0.0,899.5093383789062
2021-01-18,899.5093383789062,921.6151733398438,887.625732421875,915.5925903320312,35100458,897.2710571289062,896.8533935546875,2.4000590328402938,33.98944091796875,21.817395019531226,16.083251953125,5.37646484375,920.5306396484376
2021-01-19,920.5306396484376,937.30615234375,920.5306396484376,930.5682983398438,32006615,905.7303466796875,898.0371398925781,1.6356301007614857,16.775512695312386,22.221203613281215,10.037658691406136,4.938049316406364,932.8757934570312
2021-01-20,932.8757934570312,949.7666625976562,923.645751953125,948.2437133789062,30924537,911.0699096679688,900.5984680175782,1.899421576105254,26.12091064453125,22.025073242187467,15.367919921875,2.3074951171875,960.8426513671876
2021-01-21,960.8426513671876,978.379638671875,957.6121826171876,968.8727416992188,39087742,923.7150024414062,908.0516906738281,2.175498558994337,20.767456054687386,22.262744140624953,8.030090332031136,12.598937988281364,974.2261352539062
2021-01-22,974.2261352539062,976.2337036132812,939.2213745117188,945.8900756835938,30532660,937.5969116210938,916.9586364746094,-2.372103685703632,37.0123291015625,24.750231933593703,-28.3360595703125,5.3533935546875,939.1290893554688
2021-01-25,939.1290893554688,939.1290893554688,891.61767578125,895.7711791992188,54207104,945.5208618164063,921.3959594726563,-5.2985962928254775,47.51141357421875,27.36463012695308,-43.35791015625,-6.760986328125,888.38720703125
2021-01-27,888.38720703125,888.38720703125,871.3117065429688,874.5421752929688,42370131,939.0921752929687,922.4112609863281,-2.369913701089136,17.07550048828125,26.29856567382809,-13.84503173828125,-7.38397216796875,867.6889038085938
2021-01-28,867.6889038085938,887.6026611328125,863.0046997070312,866.0275268554688,34067814,926.0547973632813,918.562353515625,-0.9736120999136058,24.59796142578125,26.150891113281226,-1.661376953125,-6.853271484375,874.2191162109375
2021-01-29,874.2191162109375,882.8953247070312,844.544677734375,850.0596313476562,43712383,908.7300903320313,916.2225463867187,-1.8438092338463719,38.35064697265625,28.70067749023435,-24.15948486328125,8.19158935546875,858.11279296875
2021-02-01,858.11279296875,879.1571655273438,852.8516845703125,874.6806640625,34180952,885.507421875,911.5521667480468,2.8963888893077283,26.30548095703125,28.850665283203103,16.56787109375,8.05316162109375,883.4260864257812
2021-02-02,883.4260864257812,895.3096923828125,856.0591430664062,888.7564086914062,41470034,874.3668212890625,909.9438415527344,1.6092438311749935,39.25054931640625,29.376776123046852,5.330322265625,8.74542236328125,889.91015625
2021-02-03,889.91015625,900.84765625,876.8496704101562,890.9946899414062,30301696,874.6714111328125,906.8817932128907,0.2518441755368737,23.99798583984375,30.099023437499987,1.08453369140625,1.15374755859375,887.9256591796875
2021-02-04,887.9256591796875,895.3096923828125,879.1571655273438,888.0641479492188,25626981,878.7187622070312,902.3867797851562,-0.328906785334514,16.15252685546875,29.10218505859374,0.13848876953125,-3.06903076171875,890.7177734375
2021-02-05,890.7177734375,897.4556884765625,886.0797119140625,887.810302734375,20248046,882.0184936523438,895.3742919921875,-0.028584107964491925,11.3759765625,28.163037109375,-2.907470703125,2.65362548828125,892.1022338867188
2021-02-08,892.1022338867188,908.6931762695312,890.2562866210938,900.5938720703125,21183400,888.8163818359375,887.1619018554687,1.4398987369897904,18.4368896484375,26.3054931640625,8.49163818359375,4.29193115234375,905.4396362304688
2021-02-09,905.4396362304688,918.2000732421876,900.9861450195312,902.7628784179688,19604141,893.219091796875,883.7929565429688,0.24084178395196854,17.213928222656364,23.27574462890626,-2.6767578125,4.84576416015625,901.6553344726562
2021-02-10,901.6553344726562,915.9617919921876,889.4486083984375,911.1390991210938,21234156,895.5681274414062,885.1197692871094,0.9278428370696593,26.513183593750114,24.219512939453146,9.4837646484375,-1.1075439453125,913.7696533203124
2021-02-11,913.7696533203124,952.6279907226562,910.1930541992188,948.7052001953124,42539278,900.7369262695313,889.7278442382812,4.122982002468754,42.4349365234375,26.003210449218773,34.935546875,2.6305541992186363,948.6129150390624
2021-02-12,948.6129150390624,958.9966430664062,930.1067504882812,942.1980590820312,30497029,912.3159545898437,897.1672241210938,-0.685897063907892,28.889892578125,25.05713500976565,-6.414855957031136,-0.09228515625,945.1747436523438
2021-02-15,945.1747436523438,951.2896118164062,934.5371704101562,938.0445556640624,15791099,922.9304565429687,905.8734191894531,-0.440831243275491,16.75244140625,24.101831054687523,-7.130187988281364,2.9766845703125,941.3442993164062
2021-02-16,941.3442993164062,959.6427612304688,939.1521606445312,950.4589233398438,21421660,930.1113891601562,911.6652404785157,1.3234304917417232,20.4906005859375,22.22583618164065,9.1146240234375,3.2997436523438637,950.6896362304688
2021-02-17,950.6896362304688,967.2805786132812,946.3515625,961.4195556640624,23742994,939.9182495117187,917.7431884765625,1.1531936893920431,20.92901611328125,21.918939208984398,10.729919433593636,0.230712890625,962.2271728515624
2021-02-18,962.2271728515624,973.0262451171876,950.2742919921876,954.2432250976562,18646877,949.6097534179687,925.17333984375,-0.7464306840991362,22.751953125,22.578881835937523,-7.983947753906136,0.8076171875,949.30517578125
2021-02-19,949.30517578125,971.43408203125,947.5975952148438,960.05810546875,23403483,949.7482055664062,931.032080078125,0.6093708834556998,23.83648681640625,23.824932861328147,10.7529296875,-4.93804931640625,959.919677734375
2021-02-22,959.919677734375,964.488525390625,920.6691284179688,926.73779296875,23804335,952.6971923828125,937.8138244628906,-3.470655818663319,43.81939697265625,26.363183593750023,-33.181884765625,-0.138427734375,945.1516723632812
2021-02-23,945.1516723632812,947.4130249023438,929.2760620117188,933.8218383789062,25644108,953.4586669921875,941.7850280761719,0.7644066599963435,18.136962890625,26.455487060546886,-11.329833984375,18.41387939453125,936.8446655273438
2021-02-24,936.8446655273438,953.112548828125,935.06787109375,951.1511840820312,10807663,950.6896728515625,945.3039611816406,1.8557443176964414,18.044677734375,25.608636474609376,14.3065185546875,3.0228271484375,958.0736694335938
2021-02-25,958.0736694335938,993.1476440429688,956.6891479492188,989.6171875,34855693,949.8589721679688,949.7343627929688,4.044152397822309,36.45849609375,25.010992431640624,31.54351806640625,6.9224853515625,976.9951782226562
2021-02-26,976.9951782226562,984.7944946289062,955.627685546875,962.5963745117188,37481215,955.39697265625,952.5725891113282,-2.7304308503919605,29.16680908203125,25.03868408203125,-14.3988037109375,-12.62200927734375,973.85693359375
2021-03-01,973.85693359375,974.6876831054688,951.8433837890624,969.9342041015624,17680764,958.184423828125,955.4408081054687,0.762295577267864,22.844299316406364,25.647869873046886,-3.9227294921876137,11.26055908203125,979.3026733398438
2021-03-02,979.3026733398438,982.99462890625,964.1193237304688,971.9186401367188,17150760,965.0146240234375,959.2366455078125,0.20459491239351862,18.87530517578125,25.48634033203126,-7.384033203125,9.368469238281364,978.8642578125
2021-03-03,978.8642578125,1024.4835205078125,972.4724731445312,1016.268798828125,31924461,973.4185424804688,962.0541076660156,4.56315548029489,52.01104736328125,28.59454345703126,37.404541015625,6.94561767578125,1006.0696411132812
2021-03-04,1006.0696411132812,1010.6615600585938,995.7781982421876,1004.1544189453124,21435754,983.0177368164062,966.4383544921875,-1.1920448504157453,14.883361816406136,27.807684326171874,-1.9152221679688637,-10.19915771484375,994.99365234375
2021-03-05,994.99365234375,1020.8145751953124,993.6322021484376,1005.4696655273438,25511666,986.617431640625,971.0072021484375,0.13098051028972207,27.182373046874773,28.14227294921873,10.47601318359375,-9.160766601562386,1000.7623901367188
2021-03-08,1000.7623901367188,1030.021484375,1000.5316772460938,1011.1923217773438,19506841,991.9985229492188,975.0914733886718,0.5691525509124743,29.48980712890625,26.709313964843727,10.429931640625,-4.707275390625,1015.2996215820312
2021-03-09,1015.2996215820312,1021.6683349609376,990.6555786132812,1011.169189453125,15154484,999.1979125976562,982.1062683105469,-0.0022876285470691646,31.012756347656364,27.996893310546863,-4.13043212890625,4.1072998046875,1018.5301513671876
2021-03-10,1018.5301513671876,1022.268310546875,1001.5700073242188,1006.9695434570312,11519358,1007.1310913085938,990.2748168945312,-0.41532574764912117,20.69830322265625,28.26225585937499,-11.560607910156364,7.360961914062614,1012.9921264648438
2021-03-12,1012.9921264648438,1018.2532348632812,980.1795043945312,986.5020751953124,16864952,1008.5155883789063,995.7666625976562,-2.032580666884116,38.07373046875,28.42377929687499,-26.490051269531364,6.0225830078125,987.6327514648438
2021-03-15,987.6327514648438,991.7169799804688,960.150390625,973.2570190429688,16698099,1007.043408203125,996.830419921875,-1.3426283112198538,31.56658935546875,28.66375732421874,-14.375732421875,1.1306762695313637,975.6106567382812
2021-03-16,975.6106567382812,981.148681640625,967.0729370117188,969.4265747070312,13873801,1002.0130615234375,997.0057922363281,-0.39356965950310685,14.07574462890625,27.786901855468727,-6.18408203125,2.3536376953125,968.249755859375
2021-03-17,968.249755859375,970.5341796875,939.1983032226562,948.543701171875,19210236,992.6030883789062,995.9005004882813,-2.1541470060759607,31.33587646484375,29.03295898437498,-19.7060546875,-1.17681884765625,956.6430053710938
2021-03-18,956.6430053710938,962.1348876953124,923.461181640625,927.1993408203124,20647480,980.2256591796875,993.6783752441406,-2.250224246409817,38.673706054687386,27.69922485351559,-29.443664550781364,8.09930419921875,918.84619140625
2021-03-19,918.84619140625,967.2344360351562,915.0618896484376,960.8426513671876,41787429,961.3964721679688,984.9560302734375,3.628487323676298,52.172546386718636,31.42814331054684,41.996459960937614,-8.353149414062386,955.7661743164062
2021-03-22,955.7661743164062,957.150634765625,938.3214721679688,951.7972412109376,18572478,955.0231567382813,981.0332824707032,-0.9414038961924975,18.82916259765625,30.59282226562499,-3.9689331054686363,-5.076477050781364,951.589599609375
2021-03-23,951.589599609375,973.626220703125,948.8436889648438,963.3809204101562,17421165,950.2189453125,976.1160034179687,1.217032230990829,24.78253173828125,30.122094726562487,11.79132080078125,-0.2076416015626137,959.8042602539062
2021-03-24,959.8042602539062,959.8042602539062,941.644287109375,944.82861328125,16822814,948.5298461914062,970.5664672851562,-1.9257499018153343,18.15997314453125,28.836816406249977,-14.97564697265625,-3.57666015625,947.920654296875
2021-03-25,947.920654296875,947.920654296875,916.0771484375,919.0538330078124,22001648,946.7853759765625,963.505517578125,-2.7279847277196247,31.843505859375,29.95133666992185,-28.866821289062614,3.092041015625,928.5376586914062
2021-03-26,928.5376586914062,929.3222045898438,910.8622436523438,920.5306396484376,20180202,948.7236694335937,955.0600708007812,0.16068771899813988,18.4599609375,27.989959716796854,-8.007019042968636,9.483825683593864,926.691650390625
2021-03-30,926.691650390625,945.5670166015624,919.0999755859376,936.5216064453124,20441701,942.9087646484375,948.9659606933594,1.7371466095883488,26.467041015624773,27.480004882812455,9.829956054687386,6.161010742187386,931.3067016601562
2021-03-31,931.3067016601562,946.0285034179688,922.5381469726562,924.4302978515624,16250796,938.8521850585937,944.5355651855468,-1.2910869872660076,23.4903564453125,28.421466064453078,-6.876403808593864,-5.214904785156136,931.3067016601562
2021-04-01,931.3067016601562,936.8446655273438,924.453369140625,933.0834350585938,11723312,933.1526733398438,940.841259765625,0.9360508009248324,12.39129638671875,26.52700805664058,1.7767333984375,6.876403808593864,934.5140991210938
2021-04-05,934.5140991210938,934.5371704101562,905.5088500976562,919.5845947265624,14875099,930.4713623046875,938.628369140625,-1.4466916703096002,29.0283203125,25.56246948242184,-14.929504394531364,1.4306640625,924.845703125
2021-04-06,924.845703125,925.2841186523438,908.6931762695312,915.754150390625,14009194,929.7329711914062,939.2283203125,-0.416540724790672,16.5909423828125,22.004309082031227,-9.091552734375,5.261108398437614,922.9996948242188
2021-04-07,922.9996948242188,944.64404296875,919.9076538085938,924.31494140625,24266353,928.994580078125,935.9516723632812,0.93483507685696,24.73638916015625,22.59503173828123,1.31524658203125,7.24554443359375,928.076171875
2021-04-08,928.076171875,933.1526489257812,919.7691650390624,925.4686889648438,15369188,928.3484741210938,933.6003295898438,0.12482190938495939,13.383483886718864,21.45512695312499,-2.60748291015625,3.76123046875,922.2843627929688
2021-04-09,922.2843627929688,925.93017578125,913.7696533203124,914.7157592773438,14037885,926.5440063476562,929.84833984375,-1.161890166108956,12.160522460937614,20.855181884765624,-7.568603515625,-3.184326171875,904.0781860351562
2021-04-12,904.0781860351562,905.185791015625,876.965087890625,881.9954223632812,20901482,920.4568237304687,925.4640930175781,-3.5771043170736085,28.220703125,20.492901611328126,-22.082763671875,-10.6375732421875,887.9256591796875
2021-04-13,887.9256591796875,895.5866088867188,885.0874633789062,891.525390625,19411189,913.0728149414062,921.4028930664062,1.080500875637594,10.4991455078125,19.696820068359376,3.5997314453125,5.93023681640625,888.9871215820312
2021-04-15,888.9871215820312,905.0011596679688,882.8491821289062,897.2941284179688,19723716,906.2703002929687,917.6324401855469,0.6470637688652481,22.1519775390625,19.265313720703148,8.3070068359375,-2.53826904296875,893.7406005859375
2021-04-16,893.7406005859375,899.8785400390625,889.0563354492188,891.663818359375,15656948,899.4031860351563,913.875830078125,-0.627476529744001,10.82220458984375,17.998498535156273,-2.0767822265625,-3.55352783203125,878.6956787109375
2021-04-19,878.6956787109375,884.4182739257812,872.2346801757812,877.6342163085938,18478808,890.68544921875,908.6147277832031,-1.5734183401761377,12.18359375,17.9777282714844,-1.06146240234375,-12.9681396484375,881.6954345703125
2021-04-20,881.6954345703125,885.6181640625,872.4423828125,877.3804321289062,17203668,886.2088989257812,903.332861328125,-0.028916851117648815,13.17578125,16.3924743652344,-4.31500244140625,4.06121826171875,873.2730712890625
2021-04-22,873.2730712890625,883.5183715820312,866.0967407226562,879.8032836914062,14490954,883.2783813476562,898.1755981445312,0.2761460677463605,17.421630859375,16.47554321289065,6.53021240234375,-4.10736083984375,879.6187133789062
2021-04-23,879.6187133789062,885.572021484375,874.7037353515625,878.8572387695312,11828857,881.4046997070312,893.8375,-0.10752914195837762,10.8682861328125,15.088732910156272,-0.761474609375,-0.1845703125,886.0797119140625
2021-04-26,886.0797119140625,905.4627075195312,882.1569213867188,894.3174438476562,20846778,879.8725219726563,889.6378540039062,1.7591258734775281,23.3057861328125,16.080963134765636,8.23773193359375,7.22247314453125,895.3096923828125
2021-04-27,895.3096923828125,921.7074584960938,894.5020751953125,917.7616577148438,19992524,883.1953247070312,886.9403869628907,2.6214644507349156,27.20538330078125,17.58544921875,22.45196533203125,0.99224853515625,922.0074462890624
2021-04-28,922.0074462890624,926.691650390625,913.8389282226562,921.7536010742188,17122437,891.2577270507812,888.7333129882812,0.43496514872005365,12.85272216796875,16.048651123046874,-0.2538452148436363,4.245788574218636,933.5679931640624
2021-04-29,933.5679931640624,943.5364379882812,926.36865234375,934.0987548828124,17412606,903.3167114257812,893.2975463867188,1.3393116982897055,17.16778564453125,16.71551513671875,0.53076171875,11.814392089843636,926.9224243164062
2021-04-30,926.9224243164062,939.6136474609376,917.2540283203124,920.46142578125,19828769,912.7774536132813,897.0910766601562,-1.459945110757937,22.359619140625227,16.736279296875022,-6.46099853515625,-7.176330566406136,907.3086547851562
2021-05-03,907.3086547851562,913.3081665039062,896.7403564453125,904.1012573242188,23640186,917.0232421875,898.4478820800781,-1.7773877317178617,16.56781005859375,17.310839843750024,-3.2073974609375,-13.15277099609375,899.9246826171875
2021-05-04,899.9246826171875,908.139404296875,881.9262084960938,884.5105590820312,21849830,917.946240234375,900.5707824707031,-2.1668699256284856,26.21319580078125,18.713800048828148,-15.41412353515625,-4.17657470703125,887.625732421875
2021-05-05,887.625732421875,894.617431640625,880.5647583007812,886.1258544921875,12393609,911.0698974609375,901.1638122558594,0.18262025179582334,14.05267333984375,18.801489257812523,-1.4998779296875,3.11517333984375,886.9334716796875
2021-05-06,886.9334716796875,893.002197265625,879.8955688476562,891.1561889648438,14624666,901.7429931640625,902.5298522949219,0.567677203769095,13.10662841796875,18.369989013671898,4.22271728515625,0.8076171875,894.2713012695312
2021-05-07,894.2713012695312,902.5321655273438,888.8486938476562,891.5023193359375,12288548,895.2127685546875,903.9951110839844,0.038840595552145675,13.6834716796875,18.6515075683594,-2.76898193359375,3.1151123046875,894.8482055664062
2021-05-10,894.8482055664062,898.4478759765625,886.5181274414062,888.9409790039062,13941237,892.7206787109375,904.8719604492187,-0.2873060761007489,11.92974853515625,17.513903808593774,-5.9072265625,3.34588623046875,883.772216796875
2021-05-11,883.772216796875,894.6405029296875,881.4646606445312,892.1484375,13478264,889.490185546875,903.718212890625,0.3608179363817646,13.17584228515625,16.110949707031274,8.376220703125,-5.16876220703125,890.7408447265625
2021-05-12,890.7408447265625,892.0330200195312,880.0802001953125,882.9183959960938,13177961,890.1132080078125,900.591552734375,-1.0345858509566968,11.95281982421875,16.020959472656273,-7.82244873046875,-1.4075927734375,889.7947387695312
2021-05-14,889.7947387695312,896.232666015625,879.6187133789062,894.0636596679688,13291616,890.6854614257812,896.2142272949219,1.2623209259674673,16.61395263671875,15.965576171875023,4.2689208984375,6.8763427734375,894.0636596679688
2021-05-17,894.0636596679688,906.1318359375,890.8792724609375,904.7012329101562,11873078,890.6439331054687,892.9283508300781,1.1898004272020193,15.2525634765625,15.25487060546875,10.6375732421875,0.0,914.231201171875
2021-05-18,914.231201171875,924.1995849609376,910.3084106445312,917.4385986328124,12064918,894.5205322265625,893.62060546875,1.407908518228034,13.891174316406364,14.987207031250012,3.2073974609373863,9.52996826171875,913.7696533203124
2021-05-19,913.7696533203124,930.5913696289062,910.0776977539062,921.6382446289062,16317002,900.52001953125,895.0051025390625,0.4577577183205798,20.513671875,14.417254638671887,7.868591308593864,-3.6689453125,922.030517578125
2021-05-20,922.030517578125,928.030029296875,914.231201171875,916.2617797851562,11422532,906.7779541015625,898.4455810546875,-0.5833595638074688,13.798828125,14.391870117187512,-5.76873779296875,0.39227294921875,919.3076782226562
2021-05-21,919.3076782226562,927.4300537109376,916.5386962890624,924.176513671875,10785605,912.6805419921875,901.6830017089844,0.8638070539812963,10.891357421875227,14.170343017578158,4.86883544921875,3.0458984375,926.691650390625
2021-05-24,926.691650390625,927.5223999023438,914.6926879882812,916.3771362304688,8551760,919.2061401367188,904.9250366210938,-0.8439272504792723,12.8297119140625,14.084967041015659,-10.31451416015625,2.51513671875,921.3382568359376
2021-05-25,921.3382568359376,921.6151733398438,904.5396728515624,905.993408203125,14780102,920.6275512695313,907.5740417480469,-1.1331282303765644,17.075500488281364,14.59954223632817,-15.344848632812614,4.961120605468864,911.462158203125
2021-05-26,911.462158203125,913.5389404296876,906.9856567382812,909.177734375,7480204,920.1660522460937,910.3430358886719,0.35147343711810647,6.553283691406364,13.937286376953182,-2.284423828125,5.46875,909.2931518554688
2021-05-27,909.2931518554688,919.7691650390624,905.5780639648438,911.9698486328124,26819294,917.6185791015625,912.1982666015625,0.30710323760092756,14.191101074218636,14.16111450195317,2.6766967773436363,0.11541748046875,918.3847045898438
2021-05-28,918.3847045898438,971.4571533203124,918.3847045898438,966.7498779296876,56469931,917.433984375,915.0572631835937,6.006780748179251,53.072448730468636,17.80696411132816,48.365173339843864,6.414855957031364,970.0726318359376
2021-05-31,970.0726318359376,1011.4691772460938,962.250244140625,996.9780883789062,59124142,926.1101806640625,922.6581604003907,3.1267870976051113,49.21893310546875,21.203601074218785,26.905456542968636,3.32275390625,999.608642578125
2021-06-01,999.608642578125,1016.22265625,990.609375,1000.947021484375,28013832,941.7642578125,931.1959045410156,0.39809632245000137,25.61328125,22.37581176757815,1.33837890625,2.63055419921875,995.4551391601562
2021-06-02,995.4551391601562,1019.6838989257812,995.4551391601562,1015.8765258789062,24630162,958.5628540039063,939.364453125,1.4915379209971806,24.228759765625,22.74732055664065,20.42138671875,-5.49188232421875,1024.9910888671875
2021-06-03,1024.9910888671875,1038.3746337890625,1013.4998168945312,1019.7531127929688,23974257,981.70244140625,949.6605102539063,0.3816002058624784,24.87481689453125,23.85491943359377,-5.23797607421875,9.11456298828125,1022.1298217773438
2021-06-04,1022.1298217773438,1022.8912963867188,1008.031005859375,1010.9154052734376,14468646,1002.45146484375,959.942724609375,-0.8666516834967855,14.86029052734375,24.251812744140626,-11.214416503906136,2.376708984375,1016.22265625
2021-06-07,1016.22265625,1034.6826171875,1008.3771362304688,1027.9447021484375,16336573,1011.6814697265625,968.8958251953125,1.6845422263986287,26.30548095703125,25.5993896484375,11.7220458984375,5.307250976562386,1027.5755615234375
2021-06-08,1027.5755615234375,1027.829345703125,1014.4458618164062,1022.0375366210938,9674735,1017.274853515625,979.5195556640625,-0.5746579086401811,13.38348388671875,25.230187988281237,-5.53802490234375,-0.369140625,1024.068115234375
2021-06-09,1024.068115234375,1024.9910888671875,995.8935546875,1003.7621459960938,11409161,1022.9974487304687,990.7801513671875,-1.7881330156834883,29.0975341796875,27.48461303710935,-20.30596923828125,2.03057861328125,1012.2537231445312
2021-06-10,1012.2537231445312,1029.1446533203125,1004.93896484375,1007.4541625976562,14155653,1020.4499755859375,1001.0762084960937,0.36781787560823875,24.2056884765625,28.48607177734374,-4.799560546875,8.4915771484375,1007.4080200195312
2021-06-11,1007.4080200195312,1028.2216796875,1006.1157836914062,1021.3683471679688,13762778,1017.505615234375,1009.9785400390625,1.3811233390942237,22.10589599609375,25.38941650390625,13.9603271484375,-0.046142578125,1022.22216796875
2021-06-14,1022.22216796875,1042.1820068359375,1013.0151977539062,1036.02099609375,20332436,1018.705517578125,1015.1934936523437,1.4346096554107874,29.16680908203125,23.3842041015625,13.798828125,0.85382080078125,1043.451171875
2021-06-15,1043.451171875,1049.865966796875,1033.8980712890625,1038.3746337890625,15174215,1021.8806396484375,1019.5777465820313,0.2271805015715645,15.9678955078125,22.41966552734375,-5.0765380859375,7.43017578125,1036.02099609375
2021-06-16,1036.02099609375,1037.01318359375,1017.9993896484376,1020.6530151367188,10797349,1024.2712158203126,1023.6343322753906,-1.706669064870835,19.013793945312386,21.898168945312488,-15.36798095703125,-2.3536376953125,1015.2996215820312
2021-06-17,1015.2996215820312,1031.4521484375,1006.0234985351562,1022.5220947265624,15745975,1024.8803955078124,1022.665185546875,0.18312585786985294,25.42864990234375,21.95355224609374,7.222473144531136,-5.3533935546875,1027.06787109375
2021-06-18,1027.06787109375,1031.4521484375,1008.0771484375,1027.1370849609375,29369026,1028.8123657226563,1023.1589904785156,0.4513340355358513,23.375,22.805023193359364,0.0692138671875,4.545776367187614,1016.9149169921876
2021-06-21,1016.9149169921876,1037.2208251953125,1015.368896484375,1032.490478515625,12186448,1027.7509155273438,1023.2282165527344,0.5211956254983328,21.8519287109375,22.35966796874999,15.575561523437386,-10.222167968749886,1040.2205810546875
2021-06-22,1040.2205810546875,1043.451171875,1024.2296142578125,1027.1832275390625,12871913,1027.1047973632812,1024.4927185058593,-0.5140242052587785,19.2215576171875,22.943475341796862,-13.037353515625,7.7301025390625,1038.3746337890625
2021-06-23,1038.3746337890625,1038.6514892578125,1016.0841674804688,1017.7686767578124,16653951,1027.5755249023437,1025.9233703613281,-0.9165405478636566,22.56732177734375,22.29045410156249,-20.605957031250114,11.19140625,1018.4609375
2021-06-24,1018.4609375,1022.0375366210938,987.6096801757812,993.8399047851562,91461975,1028.2077880859374,1026.544091796875,-2.3511012393192576,34.4278564453125,23.31267089843749,-24.62103271484375,0.6922607421876137,993.8399047851562
2021-06-25,993.8399047851562,993.8399047851562,960.4273071289062,971.2033081054688,55355022,1021.5621948242188,1025.1872802734374,-2.2776904580603428,33.41259765625,24.443341064453115,-22.6365966796875,0.0,979.3026733398438
2021-06-28,979.3026733398438,981.37939453125,960.3811645507812,962.6886596679688,20277042,1014.03974609375,1020.8953308105469,-0.8767112268294852,20.99822998046875,23.626483154296864,-16.614013671875,8.099365234375,964.3038940429688
2021-06-29,964.3038940429688,973.3031616210938,961.8118286132812,963.5193481445312,27144063,998.8564086914063,1012.9806030273437,0.08628838287645399,11.4913330078125,23.178826904296862,-0.7845458984375,1.615234375,967.4190063476562
2021-06-30,967.4190063476562,979.6026000976562,965.0192260742188,974.0646362304688,19762858,984.665283203125,1006.1204040527343,1.0944552495229882,14.5833740234375,22.735784912109374,6.6456298828125,3.899658203125,977.4566650390624
2021-07-01,977.4566650390624,979.8333740234376,966.8421630859376,968.20361328125,12534407,976.4644287109375,1002.3361083984375,-0.601707805746887,12.9912109375,21.492041015625,-9.253051757812386,3.3920288085936363,967.76513671875
2021-07-02,967.76513671875,984.3330078125,965.8960571289062,982.5562133789062,14086620,971.2494750976563,996.4058349609375,1.482394808362176,18.43695068359375,20.998236083984374,14.79107666015625,-0.4384765625,985.9713134765624
2021-07-05,985.9713134765624,993.8629760742188,983.6868896484376,992.3169555664062,11702287,972.583203125,993.311474609375,0.9934029274451226,10.176086425781136,19.830651855468737,6.345642089843864,3.4151000976561363,989.8941040039062
2021-07-06,989.8941040039062,991.7169799804688,978.4719848632812,980.5948486328124,10070124,977.7012451171875,988.2788269042969,-1.1812865705698823,13.2449951171875,19.232995605468737,-9.299255371093864,-2.4228515625,981.956298828125
2021-07-07,981.956298828125,981.956298828125,968.2266845703124,973.7877197265624,10454892,980.6087036132812,982.6369934082031,-0.6941836290228113,13.729614257812614,18.349224853515626,-8.168579101562614,1.3614501953126137,976.9721069335938
2021-07-08,976.9721069335938,976.9721069335938,960.3811645507812,965.7345581054688,11185460,980.5117919921875,978.4881103515625,-0.8269935487946949,16.5909423828125,16.565533447265626,-11.237548828125,3.1843872070313637,963.6116333007812
2021-07-09,963.6116333007812,965.3192138671876,953.5048217773438,955.8584594726562,9037675,979.6810913085938,975.465283203125,-1.0226514677270069,11.814392089843864,14.405712890625011,-7.753173828125,-2.1229248046875,959.8042602539062
2021-07-12,959.8042602539062,969.8419189453124,957.3814086914062,961.8118286132812,8585292,974.4476806640625,973.5154418945312,0.6228295708037624,12.460510253906136,13.55194091796875,2.007568359375,3.94580078125,969.149658203125
2021-07-13,969.149658203125,970.5572509765624,963.6347045898438,969.01123046875,6717133,970.2987915039063,974.0000183105469,0.7485249859994637,6.922546386718636,13.095062255859364,-0.138427734375,7.33782958984375,969.3111572265624
2021-07-14,969.3111572265624,972.3109130859376,960.4965209960938,962.6886596679688,8532544,967.7697631835938,974.1892333984375,-0.6524765247274551,11.814392089843864,12.8181640625,-6.622497558593636,0.2999267578123863,966.8421630859376
2021-07-15,966.8421630859376,966.8421630859376,959.2274169921876,961.0042114257812,9448356,965.7437744140625,973.127783203125,-0.17497331305101965,7.61474609375,12.280517578125,-5.837951660156364,4.153503417968864,963.4962768554688
2021-07-16,963.4962768554688,975.956787109375,963.4270629882812,974.8722534179688,8828185,965.720703125,972.7008972167969,1.443078170449676,12.52972412109375,11.689794921875,11.3759765625,2.4920654296875,969.149658203125
2021-07-19,969.149658203125,980.2256469726562,965.5730590820312,968.6651000976562,8354449,967.5897827148438,971.0187316894531,-0.6367145334734675,14.652587890625,12.137445068359387,-0.48455810546875,-5.72259521484375,968.9188842773438
2021-07-20,968.9188842773438,972.8416748046876,961.7656860351562,966.288330078125,6741464,967.5436279296875,968.9212097167969,-0.24536550550769665,11.075988769531364,11.920544433593772,-2.63055419921875,0.2537841796875,977.9181518554688
2021-07-22,977.9181518554688,980.1795043945312,968.2958984375,978.7026977539062,7972397,969.2650268554687,968.5173950195312,1.2847477599959778,11.88360595703125,11.735943603515636,0.7845458984375,11.62982177734375,985.04833984375
2021-07-23,985.04833984375,985.04833984375,970.095703125,971.7802124023438,9937030,972.9062622070312,969.3250183105469,-0.7073123807106488,14.95263671875,11.572113037109386,-13.26812744140625,6.34564208984375,972.8416748046876
2021-07-26,972.8416748046876,978.8411254882812,955.8123168945312,958.4659423828124,12389668,974.775341796875,970.2480224609375,-1.3700906696399051,23.02880859375,12.6935546875,-14.375732421875227,1.0614624023438637,958.44287109375
2021-07-27,958.44287109375,961.627197265625,942.3826904296876,948.3821411132812,10824523,972.633984375,970.1118835449219,-1.0520771603487664,19.244506835937386,13.371954345703125,-10.06072998046875,-0.023071289062386313,949.7666625976562
2021-07-28,949.7666625976562,949.7666625976562,930.4990234375,940.2366943359376,12897848,968.8035400390625,968.173583984375,-0.8588781277325517,19.26763916015625,14.606463623046887,-9.529968261718636,1.384521484375,947.920654296875
2021-07-29,947.920654296875,957.3352661132812,943.0287475585938,947.5745239257812,13765738,962.8040405273438,966.0345336914063,0.7804236565162069,14.3065185546875,14.85567626953125,-0.34613037109375,7.683959960937386,949.7666625976562
2021-07-30,949.7666625976562,954.3585815429688,937.352294921875,939.2906494140624,11350608,955.747705078125,964.3269836425782,-0.8742187872885129,17.00628662109375,15.794830322265625,-10.476013183593864,2.192138671875,948.0591430664062
2021-08-02,948.0591430664062,959.6427612304688,941.9904174804688,956.4584350585938,10925104,950.7911987304688,962.7832702636719,1.8277394388244765,17.65234375,16.30709228515625,8.3992919921875,8.768493652343864,964.53466796875
2021-08-03,964.53466796875,964.9961547851562,952.6279907226562,963.4962768554688,11817299,952.0095581054687,962.3217712402344,0.7358230675694604,12.3681640625,16.07864990234375,-1.03839111328125,8.07623291015625,966.5652465820312
2021-08-04,966.5652465820312,975.6106567382812,963.150146484375,970.8803100585938,13169800,955.3692749023437,962.0864074707031,0.7663790074232594,12.46051025390625,16.21710205078124,4.3150634765625,3.0689697265625,975.7490844726562
2021-08-05,975.7490844726562,994.4398193359376,971.1110229492188,984.9560546875,21252078,960.9349609375,961.8695007324219,1.4497919551027627,23.328796386718864,17.36162109375,9.20697021484375,4.8687744140625,982.9715576171876
2021-08-06,982.9715576171876,990.8170776367188,959.3427734375,964.0962524414062,16620987,967.5759399414062,961.6618225097657,-2.1178409074008897,31.47430419921875,19.013787841796876,-18.875305175781364,-1.9844970703123863,960.3811645507812
2021-08-09,960.3811645507812,964.4423828125,953.6893920898438,958.6043701171876,7494143,970.0403442382812,960.415771484375,-0.5696404596855759,10.75299072265625,17.7862060546875,-1.7767944335936363,-3.715087890625,960.8426513671876
2021-08-10,960.8426513671876,975.149169921875,957.0352783203124,963.6347045898438,11919198,969.3019409179688,960.6557495117188,0.5247560546840807,18.113891601562614,17.673144531250024,2.7920532226561363,2.23828125,967.7420654296876
2021-08-11,967.7420654296876,978.379638671875,961.48876953125,977.1336059570312,9184963,969.5373046875,962.4532897949218,1.4008317989059038,16.890869140625,17.435467529296897,9.391540527343636,4.107360839843864,980.6409912109376
2021-08-12,980.6409912109376,981.240966796875,971.4571533203124,973.9954223632812,8137612,970.5156860351562,965.7253234863281,-0.3211621803424085,9.783813476562614,16.983197021484408,-6.645568847656364,3.5073852539063637,977.1336059570312
2021-08-13,977.1336059570312,992.1785278320312,973.2800903320312,990.2171020507812,12780901,969.348095703125,968.4620178222656,1.6654780212560005,18.8984375,17.172412109375035,13.08349609375,3.13818359375,991.9246826171876
2021-08-16,991.9246826171876,1016.6841430664062,982.140869140625,1003.0698852539062,21935444,975.6567993164062,972.8485717773438,1.2979762898970686,34.54327392578125,18.86150512695316,11.145202636718636,1.7075805664063637,1000.9239501953124
2021-08-17,1000.9239501953124,1008.4694213867188,991.232421875,998.801025390625,12658169,983.6730590820313,976.4875,-0.42557950607805134,17.23699951171875,19.348388671875036,-2.1229248046873863,-2.1459350585938637,1003.3006591796876
2021-08-18,1003.3006591796876,1009.2078247070312,993.424560546875,1002.6776123046876,10075860,990.7847778320313,980.1610412597656,0.38812404227824093,15.78326416015625,19.680664062500036,-0.623046875,4.499633789062614,988.994140625
2021-08-20,988.994140625,1002.3776245117188,986.2251586914062,991.4170532226562,9426282,992.4554077148438,981.485546875,-1.1230488188669734,16.1524658203125,18.9630310058594,2.42291259765625,-13.683471679687614,1003.3006591796876
2021-08-23,1003.3006591796876,1003.3006591796876,984.0560913085938,997.9241943359376,9854395,997.688818359375,983.51845703125,0.6563475070485766,19.244567871093864,17.74005737304691,-5.37646484375,11.883605957031364,999.1702270507812
2021-08-24,999.1702270507812,1011.607666015625,994.8090209960938,1007.7772216796876,11864472,999.1379272460938,987.39736328125,0.9873522858423766,16.79864501953125,18.34462280273441,8.606994628906364,1.2460327148436363,1008.561767578125
2021-08-25,1008.561767578125,1024.5296630859375,1006.1157836914062,1016.49951171875,13380559,1000.6654907226563,992.1692749023438,0.8654978353772201,18.41387939453125,18.374621582031274,7.937744140625,0.7845458984373863,1018.9916381835938
2021-08-26,1018.9916381835938,1036.02099609375,1017.6071166992188,1029.352294921875,18589616,1003.8036865234375,997.2942321777343,1.2644160725067983,18.41387939453125,18.5269226074219,10.36065673828125,2.49212646484375,1032.3751220703125
2021-08-27,1032.3751220703125,1035.02880859375,1022.7067260742188,1027.9447021484375,10480636,1012.4798828125,1002.4676452636719,-0.13674548358046185,12.32208251953125,18.78074951171876,-4.430419921875,3.0228271484375,1038.3746337890625
2021-08-30,1038.3746337890625,1050.304443359375,1032.2828369140625,1047.719970703125,14027062,1019.494677734375,1008.591748046875,1.9237677389996322,18.0216064453125,18.69306640625001,9.3453369140625,10.429931640625,1050.7889404296875
2021-08-31,1050.7889404296875,1053.9501953125,1034.7979736328125,1042.1358642578125,26485463,1029.8184204101562,1014.478173828125,-0.5329769978103028,19.1522216796875,17.153961181640636,-8.653076171875,3.0689697265625,1048.9891357421875
2021-09-01,1048.9891357421875,1058.1729736328125,1044.3741455078125,1046.2662353515625,11145486,1037.9038940429687,1019.2846923828125,0.3963371030025499,13.798828125,16.810144042968762,-2.722900390625,6.853271484375,1040.68212890625
2021-09-02,1040.68212890625,1065.04931640625,1040.68212890625,1058.865234375,9956770,1042.2419921875,1023.0228393554687,1.2041867163192963,24.3671875,17.668536376953135,18.18310546875,-5.5841064453125,1066.0645751953125
2021-09-03,1066.0645751953125,1105.2921142578125,1062.6033935546875,1102.2923583984375,30664428,1048.9798828125,1030.7298828125,4.101289060554581,42.688720703125,20.322161865234385,36.227783203125,7.1993408203125,1113.59912109375
2021-09-06,1113.59912109375,1144.5196533203125,1113.1375732421875,1119.4140625,33641710,1064.0247802734375,1041.7597290039062,1.5532815746304616,31.382080078125,21.5359130859375,5.81494140625,11.3067626953125,1121.444580078125
2021-09-07,1121.444580078125,1134.3665771484375,1113.1375732421875,1126.4749755859375,17349882,1078.155908203125,1053.9871643066406,0.6307686603622151,21.22900390625,21.978948974609374,5.0303955078125,2.030517578125,1131.59765625
2021-09-08,1131.59765625,1132.5206298828125,1110.6685791015625,1122.067626953125,14301651,1094.6776123046875,1066.290753173828,-0.39125135740543293,21.85205078125,22.32276611328125,-9.530029296875,5.1226806640625,1120.4754638671875
2021-09-09,1120.4754638671875,1125.0673828125,1115.02978515625,1119.4140625,8963249,1110.636279296875,1076.4391357421875,-0.23648881666165866,10.03759765625,21.485137939453125,-1.0614013671875,-1.5921630859375,1122.8291015625
2021-09-13,1122.8291015625,1122.8291015625,1092.854736328125,1094.469970703125,16311160,1121.9891845703125,1085.4845336914063,-2.2283168161356737,29.974365234375,23.2503662109375,-28.359130859375,3.4150390625,1096.0621337890625
2021-09-14,1096.0621337890625,1104.83056640625,1091.9085693359375,1093.039306640625,8908356,1118.481787109375,1091.2532836914063,-0.130717525450323,12.9219970703125,22.7404052734375,-3.0228271484375,1.5921630859375,1093.0623779296875
2021-09-15,1093.0623779296875,1105.63818359375,1093.0623779296875,1097.5850830078125,9071075,1112.8053466796875,1095.4806274414063,0.41588407110066383,12.5758056640625,22.082763671875,4.522705078125,0.0230712890625,1099.0849609375
2021-09-16,1099.0849609375,1124.5596923828125,1092.3701171875,1120.6138916015625,13448882,1106.3028076171875,1100.4902099609376,2.0981342540335968,32.1895751953125,23.92183837890625,21.5289306640625,1.4998779296875,1128.82861328125
2021-09-17,1128.82861328125,1133.3743896484375,1096.3389892578125,1103.2384033203125,34882133,1107.9734375,1109.3048583984375,-1.5505330079763018,37.035400390625,25.18865966796875,-25.5902099609375,8.2147216796875,1094.7237548828125
2021-09-20,1094.7237548828125,1116.068115234375,1093.754638671875,1104.9921875,11779819,1102.3523681640625,1112.1707763671875,0.1589669263152281,22.3134765625,23.15113525390625,10.2684326171875,-8.5146484375,1109.9071044921875
2021-09-21,1109.9071044921875,1115.260498046875,1100.215576171875,1109.7686767578125,9915736,1105.1213623046874,1111.8015747070312,0.4322645274641365,15.044921875,21.51741943359375,-0.138427734375,4.9149169921875,1111.2916259765625
2021-09-22,1111.2916259765625,1126.9825439453125,1106.7919921875,1121.6754150390625,10995912,1108.7672119140625,1110.786279296875,1.072902716630597,20.1905517578125,21.41357421875,10.3837890625,1.52294921875,1129.4747314453125
2021-09-23,1129.4747314453125,1152.3651123046875,1128.597900390625,1149.0885009765625,15748397,1114.845166015625,1110.5739868164062,2.4439410519259117,23.7672119140625,21.60509033203125,19.61376953125,7.79931640625,1155.387939453125
2021-09-24,1155.387939453125,1156.2647705078125,1140.82763671875,1145.765625,15192163,1120.15703125,1114.065234375,-0.2891749394183761,15.4371337890625,22.1450439453125,-9.622314453125,6.2994384765625,1147.7501220703125
2021-09-27,1147.7501220703125,1167.5484619140625,1142.3505859375,1165.033203125,15373834,1130.7623046875,1116.5573364257812,1.6816334601590093,25.1978759765625,21.66739501953125,17.2830810546875,1.9844970703125,1169.4405517578125
2021-09-28,1169.4405517578125,1183.700927734375,1159.65673828125,1175.9246826171875,18035258,1142.668994140625,1123.8951782226563,0.9348642994013381,24.044189453125,22.7796142578125,6.484130859375,4.4073486328125,1186.0545654296875
2021-09-29,1186.0545654296875,1186.0545654296875,1163.002685546875,1166.6024169921875,9719875,1157.62158203125,1133.1943969726562,-0.792760434643822,23.0518798828125,23.8272216796875,-19.4521484375,10.1298828125,1165.287109375
2021-09-30,1165.287109375,1169.717529296875,1153.9111328125,1162.6334228515625,13590654,1164.7840576171875,1139.8146118164063,-0.3402182339771014,15.806396484375,22.18890380859375,-2.6536865234375,-1.3153076171875,1154.6495361328125
2021-10-01,1154.6495361328125,1172.1173095703125,1151.442138671875,1164.6871337890625,8958928,1164.636376953125,1142.3967041015626,0.17664303271644413,20.6751708984375,20.552880859375,10.03759765625,-7.98388671875,1178.2091064453125
2021-10-04,1178.2091064453125,1188.2928466796875,1170.84814453125,1179.662841796875,10918552,1170.728173828125,1150.7452392578125,1.2858138098505656,17.4447021484375,20.06600341796875,1.4537353515625,13.52197265625,1179.17822265625
2021-10-05,1179.17822265625,1205.4376220703125,1175.6015625,1204.1453857421875,13533634,1172.6757080078125,1157.6723510742188,2.0753848538638744,29.8360595703125,21.5451171875,24.9671630859375,-0.484619140625,1209.1064453125
2021-10-06,1209.1064453125,1209.1064453125,1177.332275390625,1181.370361328125,10258881,1177.286083984375,1167.4538330078126,-1.8913849343885396,31.774169921875,22.70347900390625,-27.736083984375,4.9610595703125,1197.592041015625
2021-10-07,1197.592041015625,1199.32275390625,1184.9931640625,1187.1622314453125,6336665,1183.7470703125,1174.2655639648438,0.49026709208077135,14.32958984375,21.759716796875,-10.4298095703125,16.2216796875,1193.0924072265625
2021-10-08,1193.0924072265625,1238.8502197265625,1191.36181640625,1232.781494140625,15772493,1191.43564453125,1178.0360107421875,3.8427151308354257,47.4884033203125,24.96484375,39.6890869140625,5.93017578125,1246.6956787109375
2021-10-11,1246.6956787109375,1255.279541015625,1220.82861328125,1224.197509765625,14768666,1205.132958984375,1187.93056640625,-0.696310288222157,34.450927734375,25.89014892578125,-22.4981689453125,13.9141845703125,1220.6671142578125
2021-10-12,1220.6671142578125,1238.2041015625,1218.9364013671875,1231.189208984375,6682011,1213.4307373046875,1193.05322265625,0.5711250972964791,19.2677001953125,25.4125,10.5220947265625,-3.5303955078125,1236.3580322265625
2021-10-13,1236.3580322265625,1255.048828125,1231.8814697265625,1243.718994140625,9959762,1218.8810546875,1198.0835693359375,1.017697772593864,23.1673583984375,25.4240478515625,7.3609619140625,5.1688232421875,1246.2110595703125
2021-10-14,1246.2110595703125,1254.102783203125,1240.142333984375,1246.234130859375,8623469,1228.6048583984375,1206.1759643554688,0.20222708912537665,13.96044921875,25.239453125,0.0230712890625,2.4920654296875,1231.5584716796875
2021-10-18,1231.5584716796875,1266.8170166015625,1228.6510009765625,1249.5570068359375,13594479,1236.2980712890626,1213.8668579101563,0.26663336320849435,38.166015625,26.98853759765625,17.99853515625,-14.6756591796875,1257.033203125
2021-10-19,1257.033203125,1269.74755859375,1249.7415771484375,1260.748291015625,8833409,1238.365576171875,1221.749267578125,0.8956201372537201,20.0059814453125,27.24466552734375,3.715087890625,7.4761962890625,1265.7786865234375
2021-10-20,1265.7786865234375,1265.7786865234375,1242.1268310546875,1246.234130859375,12710570,1247.387890625,1230.4093139648437,-1.1512337759790086,23.65185546875,26.6262451171875,-19.5445556640625,5.0303955078125,1258.6947021484375
2021-10-21,1258.6947021484375,1258.9715576171875,1201.3763427734375,1210.2833251953125,20831669,1251.855224609375,1235.3681396484376,-2.884755342021618,57.59521484375,29.208349609375,-48.411376953125,12.4605712890625,1209.1295166015625
2021-10-22,1209.1295166015625,1229.8509521484375,1205.206787109375,1212.544677734375,11027475,1244.438916015625,1236.5218872070313,0.18684488929049475,24.6441650390625,30.23980712890625,3.4151611328125,-1.15380859375,1236.819580078125
2021-10-25,1236.819580078125,1236.819580078125,1186.0545654296875,1200.730224609375,17198417,1245.4911376953125,1240.8946044921875,-0.9743519840502011,50.7650146484375,30.56746826171875,-36.08935546875,24.27490234375,1207.791259765625
2021-10-26,1207.791259765625,1231.6968994140625,1201.353271484375,1228.0740966796875,9750178,1235.6427490234375,1237.0041625976562,2.2772702402163723,30.3436279296875,30.15673828125,20.2828369140625,7.06103515625,1223.8975830078125
2021-10-27,1223.8975830078125,1235.3427734375,1209.1064453125,1212.544677734375,9896298,1227.2665283203125,1237.3272094726562,-1.2645343621609635,26.236328125,30.85360107421875,-11.3529052734375,-4.176513671875,1209.1295166015625
2021-10-28,1209.1295166015625,1217.4134521484375,1195.515380859375,1199.25341796875,9886181,1217.3534912109376,1234.6043579101563,-1.096145982056476,21.8980712890625,30.72667236328125,-9.8760986328125,-3.4151611328125,1198.122802734375
2021-10-29,1198.122802734375,1198.122802734375,1154.5341796875,1170.47900390625,14233025,1215.1521484375,1229.7955322265625,-2.3993606048033627,43.588623046875,33.68948974609375,-27.643798828125,-1.130615234375,1170.47900390625
2021-11-01,1170.47900390625,1179.5936279296875,1151.0267333984375,1171.1943359375,15481114,1201.884033203125,1223.6875854492187,0.06111446927819431,28.56689453125,32.72957763671875,0.71533203125,0.0,1174.51708984375
2021-11-02,1174.51708984375,1175.901611328125,1151.5574951171875,1154.1187744140625,10569130,1195.22919921875,1215.4359741210938,-1.4579614159224148,24.3441162109375,33.16339111328125,-20.3983154296875,3.32275390625,1156.5416259765625
2021-11-03,1156.5416259765625,1162.9796142578125,1135.7510986328125,1146.1810302734375,11989430,1181.7580078125,1204.5122680664062,-0.6877753240479892,27.228515625,33.52105712890625,-10.360595703125,2.4228515625,1150.4959716796875
2021-11-04,1150.4959716796875,1156.010986328125,1149.1346435546875,1153.2188720703125,1705656,1170.031298828125,1193.6923950195312,0.6140253250567256,6.8763427734375,28.449169921875,2.722900390625,4.31494140625,1162.70263671875
2021-11-08,1162.70263671875,1162.9796142578125,1133.628173828125,1154.6495361328125,20337183,1162.947265625,1189.04970703125,0.12405832900840452,29.3514404296875,28.9198974609375,-8.0531005859375,9.4837646484375,1156.05712890625
2021-11-09,1156.05712890625,1167.0869140625,1147.773193359375,1163.76416015625,15682497,1160.062890625,1180.9734619140625,0.7893844615366562,19.313720703125,25.77476806640625,7.70703125,1.4075927734375,1161.4566650390625
2021-11-10,1161.4566650390625,1180.5166015625,1155.43408203125,1176.7784423828125,10253470,1157.4508056640625,1176.3400024414063,1.1182920622693149,25.08251953125,25.2486572265625,15.32177734375,-2.3074951171875,1172.232666015625
2021-11-11,1172.232666015625,1186.2852783203125,1170.1558837890625,1178.9244384765625,10722478,1160.589013671875,1171.1735107421875,0.18236194821895757,16.12939453125,24.2379638671875,6.6917724609375,-4.5457763671875,1182.7779541015625
2021-11-12,1182.7779541015625,1199.32275390625,1180.0550537109375,1196.7152099609375,8712341,1167.04541015625,1168.5383544921874,1.5090680033204424,19.2677001953125,23.9749267578125,13.937255859375,3.853515625,1199.8995361328125
2021-11-15,1199.8995361328125,1200.9149169921875,1186.0545654296875,1189.654296875,4803269,1174.4847900390625,1168.7160278320312,-0.5900245126965487,14.8603515625,21.102099609375,-10.2452392578125,3.184326171875,1187.0006103515625
2021-11-16,1187.0006103515625,1188.362060546875,1151.442138671875,1162.010498046875,11337581,1180.673486328125,1170.3681884765624,-2.3236833507633357,36.919921875,21.93740234375,-24.9901123046875,-2.6536865234375,1153.2650146484375
2021-11-17,1153.2650146484375,1153.2650146484375,1135.7510986328125,1137.1356201171875,10202029,1179.03515625,1168.2429809570312,-2.1406758348136763,17.513916015625,21.25438232421875,-16.12939453125,-8.7454833984375,1135.28955078125
2021-11-18,1135.28955078125,1148.673095703125,1130.6976318359375,1141.427490234375,8505625,1171.646533203125,1166.1177734375,0.3774281661096151,17.9754638671875,20.3290771484375,6.137939453125,-1.8460693359375,1124.259765625
2021-11-22,1124.259765625,1130.213134765625,1084.986083984375,1090.8702392578125,24124307,1159.9428955078124,1163.4941528320312,-4.429300276111392,45.22705078125,24.16414794921875,-33.3895263671875,-17.167724609375,1076.7021484375
2021-11-23,1076.7021484375,1108.176513671875,1065.6031494140625,1101.0693359375,25326999,1135.30341796875,1154.8941040039062,0.9349504929776603,42.5733642578125,25.48634033203125,24.3671875,-14.1680908203125,1098.36962890625
2021-11-24,1098.36962890625,1112.16845703125,1081.5479736328125,1085.1707763671875,16820296,1117.5772216796875,1149.1253540039063,-1.4439199286914797,30.6204833984375,26.6170166015625,-13.1988525390625,-2.69970703125,1095.13916015625
2021-11-25,1095.13916015625,1154.672607421875,1087.8243408203125,1150.4959716796875,42401936,1105.95205078125,1142.493603515625,6.019807825196724,66.8482666015625,30.79359130859375,55.3568115234375,9.9683837890625,1138.8892822265625
2021-11-26,1138.8892822265625,1143.4119873046875,1108.2918701171875,1113.41455078125,15763138,1106.6719970703125,1139.1592651367187,-3.223081332853326,35.1201171875,32.69266357421875,-25.4747314453125,-11.606689453125,1125.644287109375
2021-11-29,1125.644287109375,1153.7496337890625,1107.1842041015625,1126.7518310546875,24325354,1106.9489013671875,1133.4458984375,1.197871921476069,46.5654296875,35.4224365234375,1.1075439453125,12.229736328125,1138.9815673828125
2021-11-30,1138.9815673828125,1142.62744140625,1102.453857421875,1110.0916748046875,32172299,1119.40478515625,1127.3541015625,-1.4786003262497818,40.173583984375,37.953759765625,-28.889892578125,12.229736328125,1122.8291015625
2021-12-01,1122.8291015625,1141.7506103515625,1119.1832275390625,1138.5201416015625,10104610,1124.2966796875,1120.9369506835938,2.560911629382031,22.5673828125,36.518505859375,15.6910400390625,12.7374267578125,1139.76611328125
2021-12-02,1139.76611328125,1151.995849609375,1136.0279541015625,1145.8348388671875,12720411,1133.2220703125,1119.587060546875,0.6424741204257814,15.9678955078125,36.36390380859375,6.0687255859375,1.2459716796875,1153.01123046875
2021-12-03,1153.01123046875,1153.057373046875,1107.599609375,1111.406982421875,19222481,1136.0464599609375,1121.359228515625,-3.004608978319169,45.457763671875,39.1121337890625,-41.604248046875,7.1763916015625,1114.983642578125
2021-12-06,1114.983642578125,1119.1370849609375,1087.8243408203125,1090.3394775390625,10332254,1133.9143310546874,1120.4316162109376,-1.8955706789698359,31.312744140625,37.720703125,-24.6441650390625,3.57666015625,1096.5928955078125
2021-12-07,1096.5928955078125,1109.445556640625,1089.1396484375,1099.223388671875,11235122,1125.4365966796875,1122.4206909179688,0.8147839563567691,20.305908203125,35.49395751953125,2.6304931640625,6.25341796875,1118.7218017578125
2021-12-08,1118.7218017578125,1122.2752685546875,1110.507080078125,1115.9527587890625,8744178,1124.61513671875,1124.455908203125,1.5219263244935668,11.7681884765625,33.60872802734375,-2.76904296875,19.4984130859375,1123.7520751953125
2021-12-09,1123.7520751953125,1142.1658935546875,1119.1370849609375,1133.6512451171875,13213547,1121.4123291015626,1127.3171997070312,1.5859530064095098,23.02880859375,29.2267822265625,9.899169921875,7.79931640625,1126.1749267578125
2021-12-10,1126.1749267578125,1138.05859375,1121.6060791015625,1134.8050537109375,8364414,1116.045068359375,1126.0457641601563,0.10177809081228757,16.4525146484375,27.36002197265625,8.630126953125,-7.476318359375,1141.5198974609375
2021-12-13,1141.5198974609375,1141.7967529296875,1109.445556640625,1112.0531005859375,12901733,1121.3523193359374,1127.6333251953124,-2.004921730882199,32.3511962890625,25.9385986328125,-29.466796875,6.71484375,1098.36962890625
2021-12-14,1098.36962890625,1110.36865234375,1095.32373046875,1098.4388427734375,12991523,1121.707666015625,1123.5721313476563,-1.2242452995568907,15.044921875,23.425732421875,0.0692138671875,-13.6834716796875,1100.215576171875
2021-12-15,1100.215576171875,1109.9071044921875,1089.647216796875,1095.2314453125,9366969,1118.0064208984375,1121.3107788085938,-0.2919959979600843,20.2598876953125,23.19498291015625,-4.984130859375,1.7767333984375,1110.2301025390625
2021-12-16,1110.2301025390625,1114.7528076171875,1093.131591796875,1109.3994140625,9761279,1115.3020263671874,1118.357177734375,1.293605001083354,21.6212158203125,23.76031494140625,-0.8306884765625,14.9986572265625,1106.69970703125
2021-12-17,1106.69970703125,1111.2916259765625,1070.6795654296875,1080.1173095703125,21049821,1111.406982421875,1113.726025390625,-2.6394555577562113,40.612060546875,23.27574462890625,-26.5823974609375,-2.69970703125,1069.6873779296875
2021-12-20,1069.6873779296875,1069.6873779296875,1037.0362548828125,1050.9967041015625,14325846,1097.040478515625,1109.1963989257813,-2.6960595123074764,32.651123046875,23.40958251953125,-18.690673828125,-10.429931640625,1066.6876220703125
2021-12-21,1066.6876220703125,1082.6785888671875,1057.8499755859375,1066.6414794921875,12836561,1090.7040771484376,1106.2058715820312,1.4885655996418021,24.82861328125,23.86185302734375,-0.046142578125,15.69091796875,1072.94091796875
2021-12-22,1072.94091796875,1094.6314697265625,1071.6026611328125,1091.9547119140625,17658543,1085.2491455078125,1101.627783203125,2.3731715771944537,23.02880859375,24.9879150390625,19.0137939453125,6.2994384765625,1095.6005859375
2021-12-23,1095.6005859375,1098.36962890625,1088.23974609375,1091.5625,9072401,1082.3232421875,1098.8126342773437,-0.03591833157393503,10.1298828125,23.6980224609375,-4.0380859375,3.6458740234375,1093.754638671875
2021-12-24,1093.754638671875,1103.9075927734375,1078.7789306640625,1095.046875,7886494,1079.734228515625,1095.57060546875,0.3192098482679645,25.128662109375,24.56563720703125,1.292236328125,2.192138671875,1089.85498046875
2021-12-27,1089.85498046875,1097.4466552734375,1083.6478271484375,1093.8699951171875,4017223,1083.7677490234375,1090.4041137695312,-0.1074730141403764,13.798828125,22.710400390625,4.0150146484375,-5.19189453125,1096.3389892578125
2021-12-28,1096.3389892578125,1109.837890625,1095.1622314453125,1106.8612060546875,6374613,1089.6980224609374,1090.2010498046875,1.187637561638048,14.6756591796875,22.67347412109375,10.522216796875,2.468994140625,1103.4461669921875
2021-12-29,1103.4461669921875,1116.3681640625,1099.3387451171875,1108.75341796875,15425312,1095.799072265625,1090.5241088867188,0.17095295270191355,17.0294189453125,22.35042724609375,5.3072509765625,-3.4150390625,1107.599609375
2021-12-30,1107.599609375,1109.884033203125,1082.4940185546875,1088.7242431640625,29333171,1098.198876953125,1090.2610595703125,-1.8064589006076028,27.3900146484375,22.92730712890625,-18.8753662109375,-1.15380859375,1095.13916015625
2021-12-31,1095.13916015625,1100.16943359375,1089.1396484375,1092.90087890625,9477290,1098.47578125,1089.1050048828124,0.383626594926307,11.02978515625,19.96907958984375,-2.23828125,6.4149169921875,1091.4471435546875
2022-01-03,1091.4471435546875,1111.2685546875,1090.7779541015625,1109.3763427734375,5421611,1098.7942138671874,1091.2809814453126,1.5074984552739827,20.4906005859375,18.75302734375,17.92919921875,-1.4537353515625,1114.9375
2022-01-04,1114.9375,1135.7510986328125,1109.445556640625,1134.4127197265625,10847728,1102.513916015625,1096.1059692382812,2.2567974444573187,26.3055419921875,18.90072021484375,19.4752197265625,5.5611572265625,1136.212646484375
2022-01-05,1136.212646484375,1143.1351318359375,1122.8060302734375,1139.719970703125,11643813,1109.0672119140625,1102.4331420898438,0.4678412789519632,20.3291015625,18.63074951171875,3.50732421875,1.7999267578125,1131.2283935546875
2022-01-06,1131.2283935546875,1132.5206298828125,1111.7530517578125,1115.21435546875,14447422,1113.79296875,1105.9959228515625,-2.1501435321219127,20.767578125,19.69451904296875,-16.0140380859375,-8.4915771484375,1121.883056640625
2022-01-07,1121.883056640625,1134.3896484375,1112.929931640625,1124.213623046875,13112115,1119.141748046875,1108.8087646484375,0.8069540652875117,21.459716796875,19.32762451171875,2.33056640625,6.668701171875,1131.59765625
2022-01-10,1131.59765625,1133.9051513671875,1115.0067138671875,1125.1365966796875,9246731,1127.1718505859376,1112.9830322265625,0.08209948837935545,18.8984375,19.83758544921875,-6.4610595703125,7.384033203125,1124.213623046875
2022-01-11,1124.213623046875,1142.18896484375,1123.7520751953125,1133.2359619140625,16205164,1129.0270751953126,1115.7704956054688,0.7198561719773826,18.4368896484375,20.21370849609375,9.0223388671875,-0.9229736328125,1140.5045166015625
2022-01-12,1140.5045166015625,1165.2640380859375,1137.5970458984375,1163.4871826171875,14800442,1129.88544921875,1119.4763305664062,2.6694547049168795,27.6669921875,21.2774658203125,22.982666015625,7.2685546875,1163.5565185546875
2022-01-13,1163.5565185546875,1172.671142578125,1157.626220703125,1170.04052734375,11856712,1136.35107421875,1125.072021484375,0.5632502724973028,15.044921875,20.04295654296875,6.4840087890625,0.0693359375,1169.902099609375
2022-01-14,1169.902099609375,1184.8084716796875,1165.6793212890625,1171.748046875,19930176,1145.9548828125,1132.5483154296876,0.14593678520917955,19.129150390625,20.85289306640625,1.845947265625,-0.138427734375,1171.28662109375
2022-01-17,1171.28662109375,1183.7470703125,1170.8250732421875,1177.8629150390625,8036453,1153.89267578125,1140.5322631835938,0.5218586180169518,12.9219970703125,20.09603271484375,6.5762939453125,-0.46142578125,1179.0167236328125
2022-01-18,1179.0167236328125,1182.5240478515625,1161.0181884765625,1163.810302734375,6215029,1164.8532958984374,1146.940185546875,-1.1930600857928753,21.505859375,19.616064453125,-15.2064208984375,1.15380859375,1167.5946044921875
2022-01-19,1167.5946044921875,1173.132568359375,1157.903076171875,1163.718017578125,9755485,1170.2713134765625,1150.0783813476562,-0.007929570311688753,15.2294921875,19.106103515625,-3.8765869140625,3.7843017578125,1153.772705078125
2022-01-20,1153.772705078125,1158.341552734375,1132.9820556640625,1143.3427734375,16494486,1168.31455078125,1152.3328125,-1.750874682083981,25.3594970703125,19.56529541015625,-10.429931640625,-9.9453125,1131.59765625
2022-01-21,1131.59765625,1154.7879638671875,1131.59765625,1143.52734375,13338594,1160.653662109375,1153.3042724609375,0.016143042732940264,23.1903076171875,19.7383544921875,11.9296875,-11.7451171875,1142.2120361328125
2022-01-24,1142.2120361328125,1155.9417724609375,1086.8782958984375,1097.4005126953125,21868937,1154.8387451171875,1154.3657104492188,-4.033732232709236,69.0634765625,24.7548583984375,-44.8115234375,-1.3153076171875,1084.31689453125
2022-01-25,1084.31689453125,1102.361572265625,1063.757080078125,1095.2545166015625,24510205,1135.898779296875,1150.3760375976562,-0.19555267825410835,38.6044921875,26.77161865234375,10.9376220703125,-13.0836181640625,1078.0635986328125
2022-01-27,1078.0635986328125,1087.3397216796875,1066.5491943359375,1079.03271484375,20020431,1117.992578125,1144.1319458007813,-1.4810988233261724,20.79052734375,26.08397216796875,0.9691162109375,-17.19091796875,1091.4471435546875
2022-01-28,1091.4471435546875,1096.4774169921875,1074.5562744140625,1077.994384765625,14667727,1105.5274658203125,1136.9210083007813,-0.09622785888149424,21.921142578125,26.77159423828125,-13.4527587890625,12.4144287109375,1089.23193359375
2022-01-31,1089.23193359375,1110.55322265625,1087.3858642578125,1101.41552734375,12143683,1097.0543212890625,1128.8539916992188,2.17265905176465,23.1673583984375,27.1754150390625,12.18359375,11.237548828125,1111.2916259765625
2022-02-01,1111.2916259765625,1117.1064453125,1083.186279296875,1097.7696533203125,13200509,1090.8702392578125,1122.8544921875,-0.3310171259551917,33.920166015625,29.27523193359375,-13.52197265625,9.8760986328125,1110.830078125
2022-02-02,1110.830078125,1110.830078125,1096.1082763671875,1100.0079345703125,10017691,1096.1728759765624,1116.0358276367188,0.20389352568000924,14.7218017578125,28.596826171875,-10.8221435546875,13.0604248046875,1103.9075927734375
2022-02-03,1103.9075927734375,1108.268798828125,1083.232421875,1085.793701171875,9572839,1101.3416748046875,1109.6671264648437,-1.2921937153107803,25.036376953125,29.5775146484375,-18.1138916015625,3.899658203125,1080.37109375
2022-02-04,1080.37109375,1083.809326171875,1071.187255859375,1075.89453125,11061241,1099.12646484375,1102.3269653320312,-0.9116989637341816,12.6220703125,28.30377197265625,-4.4765625,-5.422607421875,1080.8326416015625
2022-02-07,1080.8326416015625,1087.662841796875,1063.757080078125,1069.34130859375,10714467,1097.4466064453125,1097.2504638671876,-0.6090952659306028,23.90576171875,28.3753173828125,-11.4913330078125,4.9381103515625,1075.5946044921875
2022-02-08,1075.5946044921875,1089.1396484375,1066.0645751953125,1087.316650390625,12060849,1090.3072021484375,1090.588720703125,1.6809732919149722,23.0750732421875,23.77647705078125,11.7220458984375,6.2532958984375,1094.2852783203125
2022-02-09,1094.2852783203125,1101.6923828125,1088.2166748046875,1099.98486328125,11486225,1086.9982421875,1091.5855590820313,1.1650895703725193,13.4757080078125,21.2635986328125,5.6995849609375,6.9686279296875,1105.6151123046875
2022-02-10,1105.6151123046875,1105.6151123046875,1091.4932861328125,1098.854248046875,12464491,1087.33974609375,1094.3407104492187,-0.10278461750849732,14.121826171875,20.596728515625,-6.7608642578125,5.6302490234375,1095.2545166015625
2022-02-11,1095.2545166015625,1100.4464111328125,1081.8017578125,1096.708251953125,15943370,1090.3164306640624,1094.7214477539062,-0.19529397074856247,18.6446533203125,20.26907958984375,1.4537353515625,-3.5997314453125,1080.0250244140625
2022-02-14,1080.0250244140625,1086.80908203125,1067.4490966796875,1079.240478515625,10719633,1090.1549072265625,1093.8007568359376,-1.5927456920645657,19.3599853515625,19.88834228515625,-0.7845458984375,-16.6832275390625,1085.078369140625
2022-02-15,1085.078369140625,1118.6295166015625,1077.9251708984375,1115.883544921875,11212671,1092.05166015625,1091.1794311523438,3.3952642748026327,40.704345703125,20.56676025390625,30.80517578125,5.837890625,1121.444580078125
2022-02-16,1121.444580078125,1122.8291015625,1105.7305908203125,1113.5760498046875,10392840,1097.4835205078125,1092.2408813476563,-0.2067863736935965,17.0985107421875,20.80443115234375,-7.8685302734375,5.56103515625,1116.875732421875
2022-02-17,1116.875732421875,1132.9359130859375,1112.214599609375,1127.6748046875,12853252,1099.73564453125,1093.5376953125,1.2660792125769327,20.7213134765625,20.3729248046875,10.799072265625,3.2996826171875,1128.0902099609375
2022-02-18,1128.0902099609375,1133.628173828125,1116.8988037109375,1118.8602294921875,6775458,1106.302783203125,1098.3096069335938,-0.7816593186858676,16.7293701171875,20.78365478515625,-9.22998046875,0.4154052734375,1113.1375732421875
2022-02-21,1113.1375732421875,1124.9058837890625,1100.4925537109375,1107.553466796875,11107193,1112.92529296875,1101.5401000976562,-1.0105607829535825,24.413330078125,20.83441162109375,-5.5841064453125,-5.72265625,1085.8629150390625
2022-02-22,1085.8629150390625,1105.70751953125,1083.2093505859375,1102.5230712890625,13494914,1113.0822021484375,1102.5669311523438,-0.45418985706945314,22.4981689453125,20.77672119140625,16.66015625,-21.6905517578125,1108.1072998046875
2022-02-23,1108.1072998046875,1110.6224365234375,1092.8316650390625,1095.6236572265625,7310110,1110.41474609375,1103.9491333007813,-0.6257840985071861,17.790771484375,21.2082275390625,-12.483642578125,5.584228515625,1063.757080078125
2022-02-24,1063.757080078125,1079.863525390625,1035.3287353515625,1041.0281982421875,24846650,1099.791015625,1099.763330078125,-4.983048570033322,44.5347900390625,24.24952392578125,-22.7288818359375,-31.8665771484375,1052.2657470703125
2022-02-25,1052.2657470703125,1065.1185302734375,1050.489013671875,1054.0426025390625,14570089,1084.626123046875,1095.464453125,1.2501490659763372,14.6295166015625,23.84801025390625,1.77685546875,11.237548828125,1035.1441650390625
2022-02-28,1035.1441650390625,1092.5316162109375,1035.1441650390625,1088.931884765625,21297446,1069.02744140625,1090.9763671875,3.3100447878025414,57.387451171875,27.6507568359375,53.7877197265625,-18.8984375,1077.3482666015625
2022-03-02,1077.3482666015625,1108.0611572265625,1074.9254150390625,1106.930419921875,21471786,1067.32451171875,1090.2033569335938,1.6528614331211264,33.1357421875,26.893896484375,29.5821533203125,-11.5836181640625,1107.599609375
2022-03-03,1107.599609375,1114.452880859375,1093.7777099609375,1097.5850830078125,10186748,1067.2229736328125,1088.8188598632812,-0.8442569420688679,20.6751708984375,27.2515625,-10.0145263671875,0.669189453125,1085.9090576171875
2022-03-04,1085.9090576171875,1091.1240234375,1070.8411865234375,1073.240966796875,10805667,1071.653369140625,1085.7221923828124,-2.2179707603373306,20.2828369140625,27.20771484375,-12.6680908203125,-11.676025390625,1051.61962890625
2022-03-07,1051.61962890625,1067.0338134765625,1025.45263671875,1033.552001953125,17983310,1071.5241455078126,1078.0751342773438,-3.6980478822200658,41.5811767578125,29.6928955078125,-18.067626953125,-21.621337890625,1020.6068725585938
2022-03-08,1020.6068725585938,1036.5286865234375,1006.0696411132812,1031.682861328125,21289374,1068.6166870117188,1068.8220642089843,-0.1808463068590497,30.45904541015625,30.297467041015626,11.07598876953125,-12.94512939453125,1031.9136962890625
2022-03-09,1031.9136962890625,1092.3701171875,1031.059814453125,1086.416748046875,20414228,1059.5297729492188,1063.4271423339844,5.305301538913708,61.310302734375,34.178680419921875,54.5030517578125,0.2308349609375,1107.599609375
2022-03-10,1107.599609375,1109.9071044921875,1089.1396484375,1104.02294921875,17980493,1059.5297729492188,1063.3763732910156,1.6205752721988924,20.7674560546875,34.476348876953125,-3.57666015625,21.182861328125,1096.546630859375
2022-03-11,1096.546630859375,1112.6761474609375,1096.546630859375,1107.207275390625,12257423,1061.6572875976562,1066.6553283691405,0.2884293459776678,16.1295166015625,31.635821533203124,10.66064453125,-7.476318359375,1101.553955078125
2022-03-14,1101.553955078125,1118.8602294921875,1095.6005859375,1116.298828125,8340678,1071.6441528320313,1071.5841491699218,0.8211247285353577,23.2596435546875,32.498834228515626,14.744873046875,-5.6533203125,1120.49853515625
2022-03-15,1120.49853515625,1120.49853515625,1080.3018798828125,1090.7318115234375,15925769,1091.6224853515625,1080.1195861816407,-2.290338031126158,40.1966552734375,30.779754638671875,-29.7667236328125,4.19970703125,1099.2926025390625
2022-03-16,1099.2926025390625,1111.2454833984375,1097.03125,1109.1456298828125,11149828,1105.0982666015625,1082.3140197753905,1.6882076936635972,14.2142333984375,28.887603759765625,9.85302734375,8.560791015625,1122.7137451171875
2022-03-17,1122.7137451171875,1152.5496826171875,1114.5682373046875,1145.30419921875,21422098,1108.12109375,1083.8254333496093,3.26003802942972,37.9814453125,30.618231201171874,22.5904541015625,13.568115234375,1127.9056396484375
2022-03-21,1127.9056396484375,1146.3656005859375,1125.59814453125,1138.7047119140625,11999466,1114.3928955078125,1088.0250915527345,-0.5762213488075246,20.7674560546875,30.666693115234374,10.799072265625,-17.3985595703125,1135.335693359375
2022-03-22,1135.335693359375,1169.8790283203125,1132.3360595703125,1168.1253662109375,22557065,1121.1492431640625,1096.3966979980469,2.5836947883900003,37.54296875,30.262872314453126,32.7896728515625,-3.3690185546875,1164.3641357421875
2022-03-23,1164.3641357421875,1183.6778564453125,1164.3641357421875,1171.84033203125,15462187,1129.92236328125,1110.7724243164062,0.31802800690501054,19.313720703125,29.14833984375,7.4761962890625,-3.76123046875,1158.3646240234375
2022-03-24,1158.3646240234375,1192.5848388671875,1158.3646240234375,1190.0465087890625,13168266,1141.736767578125,1123.4175170898438,1.5536397118414753,34.22021484375,26.4393310546875,31.681884765625,-13.4757080078125,1191.8233642578125
2022-03-25,1191.8233642578125,1207.2835693359375,1189.2850341796875,1197.984375,14222488,1155.55869140625,1131.839892578125,0.66702151153863,17.99853515625,26.16243896484375,6.1610107421875,1.77685546875,1204.5145263671875
2022-03-28,1204.5145263671875,1213.629150390625,1193.6693115234375,1210.029541015625,9891424,1170.88046875,1142.6366821289062,1.0054526809354254,19.9598388671875,26.54547119140625,5.5150146484375,6.5301513671875,1217.4365234375
2022-03-29,1217.4365234375,1217.4365234375,1203.314697265625,1210.306396484375,8684065,1187.300634765625,1154.2249389648437,0.022880058656884063,14.121826171875,25.631689453125,-7.130126953125,7.406982421875,1218.3134765625
2022-03-30,1218.3134765625,1240.5115966796875,1207.791259765625,1233.5660400390625,15811550,1198.0905029296875,1164.0064331054687,1.9217979531671245,32.7203369140625,24.8840576171875,15.2525634765625,8.007080078125,1229.8740234375
2022-03-31,1229.8740234375,1232.066162109375,1213.0985107421875,1215.9366455078125,13223718,1212.3923828125,1177.0645751953125,-1.4291407155381597,18.9676513671875,25.3593994140625,-13.9373779296875,-3.6920166015625,1216.5135498046875
2022-04-01,1216.5135498046875,1229.96630859375,1210.0526123046875,1225.67431640625,7922880,1217.330419921875,1186.4445556640626,0.8008370283445772,19.9136962890625,23.55262451171875,9.1607666015625,0.576904296875,1225.48974609375
2022-04-04,1225.48974609375,1234.5120849609375,1219.12109375,1229.297119140625,7929162,1221.5254638671875,1196.2029663085937,0.29557629509585165,15.3909912109375,23.01497802734375,3.807373046875,-0.1845703125,1223.482177734375
2022-04-05,1223.482177734375,1232.158447265625,1209.45263671875,1211.921630859375,13149870,1222.7345947265626,1205.0176147460938,-1.4134490360960765,22.705810546875,21.53126220703125,-11.560546875,-5.81494140625,1193.9462890625
2022-04-06,1193.9462890625,1215.8212890625,1193.9462890625,1208.691162109375,12257215,1217.8611572265625,1207.975830078125,-0.26655756178799045,21.875,21.78739013671875,14.744873046875,-17.975341796875,1197.63818359375
2022-04-07,1197.63818359375,1202.6685791015625,1184.6700439453125,1187.369873046875,15496499,1211.4139892578125,1211.9031860351563,-1.7639980940450217,17.99853515625,20.16522216796875,-10.268310546875,-11.052978515625,1181.4395751953125
2022-04-08,1181.4395751953125,1211.4371337890625,1181.4395751953125,1207.1220703125,15152495,1204.3991943359374,1210.8648071289062,1.6635252177099176,29.99755859375,21.36512451171875,25.6824951171875,-5.9302978515625,1199.8995361328125
2022-04-11,1199.8995361328125,1217.6904296875,1192.0540771484375,1204.60693359375,9254209,1199.28115234375,1210.4033081054688,-0.20835810897723717,25.6363525390625,21.93277587890625,4.7073974609375,-7.2225341796875,1193.9000244140625
2022-04-12,1193.9000244140625,1201.0994873046875,1179.316650390625,1181.9241943359375,13217742,1193.3647216796876,1208.049658203125,-1.8829992278180083,21.7828369140625,22.698876953125,-11.975830078125,-10.7069091796875,1188.13134765625
2022-04-13,1188.13134765625,1196.4844970703125,1174.747802734375,1177.5860595703125,10354235,1192.2017333984375,1205.0314453125,-0.36704001715290846,21.7366943359375,21.6005126953125,-10.5452880859375,6.2071533203125,1168.9791259765625
2022-04-18,1168.9791259765625,1181.3472900390625,1163.810302734375,1173.986328125,9974224,1186.469921875,1198.9419555664062,-0.30568733521064273,17.5369873046875,21.4574462890625,5.0072021484375,-8.60693359375,1180.5166015625
2022-04-19,1180.5166015625,1231.2816162109375,1177.3092041015625,1218.728759765625,26141820,1186.2853271484375,1195.3422607421876,3.811154403483058,53.972412109375,24.86331787109375,38.212158203125,6.5302734375,1226.251220703125
2022-04-20,1226.251220703125,1261.7406005859375,1222.5592041015625,1254.564208984375,25072240,1191.5556640625,1195.418408203125,2.9403957961607103,39.181396484375,27.2423583984375,28.31298828125,7.5224609375,1269.5399169921875
2022-04-21,1269.5399169921875,1287.123046875,1260.8175048828125,1283.938720703125,21708633,1206.683642578125,1200.0241821289062,2.3414115840694962,26.3055419921875,27.60233154296875,14.3988037109375,14.9757080078125,1273.23193359375
2022-04-22,1273.23193359375,1293.12255859375,1266.4478759765625,1273.185791015625,15054154,1223.703759765625,1207.9527465820313,-0.8374955528727539,26.6746826171875,28.0822998046875,-0.046142578125,-10.706787109375,1265.6171875
2022-04-25,1265.6171875,1273.0010986328125,1229.2740478515625,1243.7420654296875,17063215,1243.0313720703125,1214.7506469726563,-2.3126024334948108,43.72705078125,30.6551513671875,-21.8751220703125,-7.568603515625,1250.66455078125
2022-04-26,1250.66455078125,1289.89208984375,1249.6031494140625,1280.9620361328125,12227666,1257.0609619140625,1221.67314453125,2.9925795498656114,40.2889404296875,31.68428955078125,30.2974853515625,6.9224853515625,1271.8243408203125
2022-04-27,1271.8243408203125,1305.12158203125,1271.455078125,1282.2081298828125,19338945,1266.1755859375,1228.865625,0.09727796100514588,33.66650390625,32.4873046875,10.3837890625,-9.1376953125,1296.79150390625
2022-04-28,1296.79150390625,1315.736083984375,1285.78466796875,1301.3603515625,25614076,1271.6259033203125,1239.1547729492188,1.4936905509589866,29.951416015625,33.30416259765625,4.56884765625,14.5833740234375,1318.11279296875
2022-04-29,1318.11279296875,1318.11279296875,1281.7235107421875,1287.699951171875,18214862,1280.6020751953124,1252.1529174804687,-1.0497015968116297,36.3892822265625,34.76942138671875,-30.412841796875,16.75244140625,1274.66259765625
2022-05-02,1274.66259765625,1294.73779296875,1272.839599609375,1283.17724609375,9467006,1282.4111572265624,1262.7212646484375,-0.35122351864726714,21.898193359375,35.2055419921875,8.5146484375,-13.037353515625,1285.277099609375
2022-05-04,1285.277099609375,1287.5845947265625,1235.112060546875,1243.1190185546875,19247660,1289.3336669921875,1273.197314453125,-3.1218000210810946,52.4725341796875,35.05555419921875,-42.1580810546875,2.099853515625,1256.894775390625
2022-05-05,1256.894775390625,1259.89453125,1214.6676025390625,1218.77490234375,17210669,1286.34775390625,1276.261669921875,-1.9583093692220388,45.2269287109375,35.660107421875,-38.119873046875,13.7757568359375,1205.5299072265625
2022-05-06,1205.5299072265625,1227.1280517578125,1196.9228515625,1209.4295654296875,19649948,1268.0954345703126,1269.8606689453125,-0.7667812075955179,30.2052001953125,36.0500732421875,3.899658203125,-13.2449951171875,1188.3389892578125
2022-05-09,1188.3389892578125,1198.561279296875,1156.9801025390625,1162.195068359375,18083752,1242.140673828125,1261.3713745117188,-3.905518636261465,41.5811767578125,37.54072265625,-26.1439208984375,-21.090576171875,1151.442138671875
2022-05-10,1151.442138671875,1166.0255126953125,1134.3665771484375,1142.050537109375,19511677,1217.49658203125,1249.9538696289062,-1.733317564188019,31.658935546875,36.3339111328125,-9.3916015625,-10.7529296875,1141.1275634765625
2022-05-11,1141.1275634765625,1146.8040771484375,1117.7294921875,1130.3515625,16643899,1188.6666748046875,1239.0001708984375,-1.0243832675729112,29.0745849609375,35.2124755859375,-10.7760009765625,-0.9229736328125,1120.2908935546875
2022-05-12,1120.2908935546875,1123.682861328125,1093.754638671875,1107.32275390625,20490321,1161.3458984375,1223.846826171875,-2.03731381967723,29.92822265625,34.8386474609375,-12.9681396484375,-10.0606689453125,1119.5986328125
2022-05-13,1119.5986328125,1143.5965576171875,1114.68359375,1119.87548828125,19308778,1144.1596435546876,1206.1275390625,1.1336111653732674,28.9129638671875,34.73480224609375,0.27685546875,12.27587890625,1123.498291015625
2022-05-16,1123.498291015625,1144.9810791015625,1115.2835693359375,1120.1524658203125,13437911,1131.19150390625,1186.6660888671875,0.024732887000464353,29.697509765625,34.065625,-3.3458251953125,3.622802734375,1123.7982177734375
2022-05-17,1123.7982177734375,1172.1634521484375,1122.3675537109375,1167.2022705078125,16551828,1125.6627197265625,1171.5796508789062,4.200303630367353,49.7958984375,36.8553955078125,43.404052734375,3.645751953125,1172.048095703125
2022-05-18,1172.048095703125,1186.0545654296875,1157.5570068359375,1171.4481201171875,17276788,1131.846826171875,1160.2567504882813,0.3637629669386923,28.49755859375,34.45789794921875,-0.5999755859375,4.8458251953125,1146.3656005859375
2022-05-19,1146.3656005859375,1159.518310546875,1138.0816650390625,1144.4503173828125,14699118,1137.061767578125,1149.2038330078126,-2.3046520175109624,21.4366455078125,32.07886962890625,-1.915283203125,-25.08251953125,1159.518310546875
2022-05-20,1159.518310546875,1220.39013671875,1154.672607421875,1211.1832275390625,21793091,1145.045703125,1144.6026733398437,5.831001061615171,65.717529296875,35.6301025390625,51.6649169921875,15.0679931640625,1214.436767578125
2022-05-23,1214.436767578125,1224.6129150390625,1196.6690673828125,1203.083984375,15252755,1163.2333984375,1147.212451171875,-0.6687050299168122,27.94384765625,34.26636962890625,-11.352783203125,3.2535400390625,1203.130126953125
2022-05-24,1203.130126953125,1217.4365234375,1198.838134765625,1207.21435546875,13527818,1179.0997802734375,1152.38125,0.34331527535841316,18.598388671875,32.96031494140625,4.084228515625,0.046142578125,1216.0521240234375
2022-05-25,1216.0521240234375,1226.066650390625,1200.591796875,1205.4376220703125,12714544,1187.9005859375,1159.8737060546875,-0.14717629809393803,25.474853515625,32.600341796875,-10.614501953125,8.8377685546875,1211.16015625
2022-05-26,1211.16015625,1216.0059814453125,1175.901611328125,1193.9462890625,17882023,1200.8594970703125,1168.9606323242188,-0.9532913854203745,40.1043701171875,33.61795654296875,-17.2138671875,5.7225341796875,1196.692138671875
2022-05-27,1196.692138671875,1202.2762451171875,1172.2557373046875,1188.408203125,16521973,1208.2942626953125,1176.6699829101562,-0.4638471586396543,30.0205078125,33.7287109375,-8.283935546875,2.745849609375,1206.822021484375
2022-05-30,1206.822021484375,1234.050537109375,1197.222900390625,1229.8048095703125,13853398,1206.7713134765625,1185.0023559570313,3.483365929018103,36.82763671875,34.4417236328125,22.9827880859375,18.413818359375,1219.005615234375
2022-05-31,1219.005615234375,1236.2657470703125,1207.1451416015625,1214.967529296875,70620653,1209.9464111328125,1194.523095703125,-1.2064744061800807,29.12060546875,32.3741943359375,-4.0380859375,-10.7991943359375,1215.72900390625
2022-06-01,1215.72900390625,1225.3743896484375,1207.3758544921875,1215.35986328125,9776989,1209.881787109375,1198.8911865234375,0.032291725903329384,17.99853515625,31.3242919921875,-0.369140625,0.761474609375,1215.590576171875
2022-06-02,1215.590576171875,1261.0252685546875,1215.590576171875,1257.2640380859375,22126569,1210.76787109375,1205.8136840820312,3.447882069394152,45.4346923828125,33.7240966796875,41.6734619140625,0.230712890625,1266.3555908203125
2022-06-03,1266.3555908203125,1300.20654296875,1265.4324951171875,1282.73876953125,23939791,1224.7005615234375,1216.497412109375,2.0262037784915337,34.7740478515625,30.62974853515625,16.3831787109375,9.091552734375,1282.9696044921875
2022-06-06,1282.9696044921875,1298.6605224609375,1269.9552001953125,1277.223876953125,11093152,1239.930078125,1223.3506958007813,-0.42993107475345915,28.705322265625,30.70589599609375,-5.7457275390625,0.2308349609375,1278.308349609375
2022-06-07,1278.308349609375,1288.0921630859375,1270.0706787109375,1279.6236572265625,12358255,1251.790625,1230.8685180664063,0.18789033909718975,18.021484375,30.64820556640625,1.3153076171875,1.08447265625,1279.6236572265625
2022-06-08,1279.6236572265625,1283.4310302734375,1253.572021484375,1257.148681640625,12479250,1264.5695556640626,1237.2256713867187,-1.7563738728189373,29.8590087890625,31.08662109375,-22.4749755859375,0.0,1250.66455078125
2022-06-09,1250.66455078125,1293.583984375,1250.66455078125,1291.6226806640625,17278305,1271.5843505859375,1241.1761108398437,2.742237217195954,42.91943359375,31.36812744140625,40.9581298828125,-6.484130859375,1279.2314453125
2022-06-10,1279.2314453125,1287.5384521484375,1246.7418212890625,1252.6259765625,18093057,1274.159521484375,1249.4300415039063,-3.0192024873326866,40.796630859375,32.44573974609375,-26.60546875,-12.3912353515625,1222.974609375
2022-06-13,1222.974609375,1233.4967041015625,1207.4219970703125,1228.9278564453125,17620803,1262.1605224609375,1251.0453002929687,-1.8918751934412785,26.07470703125,31.37044677734375,5.9532470703125,-29.6513671875,1222.9976806640625
2022-06-14,1222.9976806640625,1233.058349609375,1206.106689453125,1212.86767578125,14714312,1251.098388671875,1251.4445068359375,-1.3068448713105707,26.95166015625,31.15355224609375,-10.1300048828125,-5.93017578125,1207.9989013671875
2022-06-15,1207.9989013671875,1217.113525390625,1192.7001953125,1198.1920166015625,11195535,1236.7734375,1250.6714965820313,-1.209996726991211,24.413330078125,31.79503173828125,-9.806884765625,-4.8687744140625,1210.5140380859375
2022-06-16,1210.5140380859375,1227.151123046875,1178.6705322265625,1181.4395751953125,17111475,1228.7433349609375,1250.1638427734374,-1.3981433004173258,48.4805908203125,32.09962158203125,-29.074462890625,12.322021484375,1181.4395751953125
2022-06-17,1181.4395751953125,1211.3677978515625,1179.6397705078125,1195.2845458984375,24457187,1209.1849609375,1241.6722412109375,1.1718729416048372,31.72802734375,31.79501953125,13.844970703125,0.0,1202.20703125
2022-06-20,1202.20703125,1207.791259765625,1163.4871826171875,1173.6171875,12066797,1205.0314453125,1233.5959838867188,-1.812736429395663,44.3040771484375,33.35489501953125,-28.58984375,6.9224853515625,1181.4395751953125
2022-06-21,1181.4395751953125,1196.8536376953125,1166.81005859375,1192.561767578125,11720049,1196.71982421875,1223.9091064453125,1.6142043828175447,30.0435791015625,34.5571044921875,11.1221923828125,7.8223876953125,1180.562744140625
2022-06-22,1180.562744140625,1180.655029296875,1154.2110595703125,1156.333984375,10617206,1191.2325927734375,1214.0030151367187,-3.0378118926868676,26.4439697265625,34.2156005859375,-24.228759765625,-11.9990234375,1160.6951904296875
2022-06-23,1160.6951904296875,1165.287109375,1128.3670654296875,1137.573974609375,19446323,1181.2688232421874,1205.0060791015626,-1.622369490053932,36.9200439453125,33.61566162109375,-23.1212158203125,4.3612060546875,1144.5196533203125
2022-06-24,1144.5196533203125,1158.8260498046875,1138.9815673828125,1153.772705078125,14240234,1173.8848388671875,1191.5348999023438,1.4239716124230417,19.844482421875,31.52044677734375,9.2530517578125,6.9456787109375,1174.4940185546875
2022-06-27,1174.4940185546875,1174.4940185546875,1145.23486328125,1150.3575439453125,15474529,1168.342236328125,1186.6868408203125,-0.29599947353419587,29.2591552734375,31.8388916015625,-24.136474609375,20.7213134765625,1145.48876953125
2022-06-28,1145.48876953125,1169.41748046875,1145.48876953125,1166.5330810546875,13572847,1161.1520751953126,1178.9359497070313,1.4061312671448851,23.9287109375,31.5365966796875,21.0443115234375,-4.8687744140625,1157.0723876953125
2022-06-29,1157.0723876953125,1198.51513671875,1154.2110595703125,1190.73876953125,19205146,1156.45400390625,1173.8432983398438,2.0750108907908227,44.3040771484375,33.52567138671875,33.6663818359375,-9.460693359375,1190.6695556640625
2022-06-30,1190.6695556640625,1207.2374267578125,1184.2086181640625,1197.89208984375,23112959,1162.448876953125,1171.8588500976562,0.6007464017750929,23.02880859375,30.9804931640625,7.2225341796875,-0.0692138671875,1188.31591796875
2022-07-01,1188.31591796875,1196.20751953125,1091.4471435546875,1111.6146240234375,81997149,1171.2081298828125,1172.546484375,-7.202440566375751,104.7603759765625,38.28372802734375,-76.7012939453125,-9.576171875,1097.885009765625
2022-07-04,1097.885009765625,1126.9825439453125,1091.9547119140625,1113.922119140625,41857728,1155.886328125,1162.1142822265624,0.2075804930341442,35.02783203125,37.356103515625,16.037109375,-13.7296142578125,1118.214111328125
2022-07-05,1118.214111328125,1137.5509033203125,1115.4912109375,1122.9444580078125,17647327,1150.431396484375,1155.7917358398438,0.8099613709213447,22.0596923828125,36.55771484375,4.7303466796875,4.2919921875,1116.875732421875
2022-07-06,1116.875732421875,1126.95947265625,1102.0616455078125,1113.068359375,23943726,1142.3920654296876,1149.4230346679688,-0.8794823788821611,24.8978271484375,36.4031005859375,-3.807373046875,-6.0687255859375,1119.552490234375
2022-07-07,1119.552490234375,1122.9444580078125,1096.0621337890625,1102.1077880859375,23301033,1128.16865234375,1145.3087646484375,-0.9847168142679916,26.88232421875,35.39932861328125,-17.4447021484375,6.484130859375,1115.9066162109375
2022-07-08,1115.9066162109375,1115.9066162109375,1099.54638671875,1103.6307373046875,19010108,1113.6867919921874,1142.4474609375,0.1381851426161274,16.3602294921875,35.0509033203125,-12.27587890625,13.798828125,1096.75439453125
2022-07-11,1096.75439453125,1120.8907470703125,1093.754638671875,1118.6295166015625,13847467,1113.4606689453126,1134.6734985351563,1.3590396488507892,27.1361083984375,34.8385986328125,21.8751220703125,-6.8763427734375,1109.445556640625
2022-07-12,1109.445556640625,1125.921142578125,1109.445556640625,1117.0372314453125,10778989,1111.7069580078125,1131.0691772460937,-0.14234249433068963,16.4755859375,34.0932861328125,7.5916748046875,-9.1839599609375,1120.1986083984375
2022-07-13,1120.1986083984375,1123.2906494140625,1095.13916015625,1097.2388916015625,14224132,1112.371533203125,1127.3817993164062,-1.77239748921648,28.1514892578125,32.47802734375,-22.959716796875,3.161376953125,1102.0616455078125
2022-07-14,1102.0616455078125,1123.267578125,1096.9620361328125,1106.2843017578125,16970315,1108.8733642578125,1118.5210083007812,0.8243792874537149,26.3055419921875,32.80570068359375,4.22265625,4.82275390625,1114.5220947265625
2022-07-15,1114.5220947265625,1114.5220947265625,1099.80029296875,1108.4302978515625,9603210,1108.5964599609374,1111.1416259765624,0.19398233260113645,14.7218017578125,23.80184326171875,-6.091796875,8.23779296875,1117.2911376953125
2022-07-18,1117.2911376953125,1119.1370849609375,1104.0460205078125,1117.8680419921875,15160908,1112.70380859375,1113.0822387695312,0.8514512963889473,15.091064453125,21.80816650390625,0.576904296875,8.86083984375,1107.738037109375
2022-07-19,1107.738037109375,1129.2901611328125,1107.738037109375,1124.7213134765625,16439888,1112.3623046875,1112.0346313476562,0.6130662320537915,21.5521240234375,21.75740966796875,16.9832763671875,-10.1300048828125,1172.2095947265625
2022-07-20,1172.2095947265625,1173.36328125,1147.4039306640625,1155.134033203125,23924246,1122.764501953125,1117.568017578125,2.7040227087504425,25.9593505859375,21.86356201171875,-17.0755615234375,47.48828125,1150.9805908203125
2022-07-21,1150.9805908203125,1153.7496337890625,1138.6585693359375,1147.427001953125,16523230,1132.548291015625,1120.7108276367187,-0.6671980071982482,15.091064453125,20.68443603515625,-3.5535888671875,-4.1534423828125,1153.7496337890625
2022-07-22,1153.7496337890625,1161.2720947265625,1151.442138671875,1155.1802978515625,10969995,1140.393798828125,1124.4951293945312,0.6757114731691001,9.8299560546875,20.03140869140625,1.4306640625,6.3226318359375,1138.727783203125
2022-07-25,1138.727783203125,1138.727783203125,1108.984130859375,1117.01416015625,23110452,1144.6811279296876,1128.6924682617187,-3.3039117587354094,29.74365234375,20.2921630859375,-21.713623046875,-16.4525146484375,1117.3372802734375
2022-07-26,1117.3372802734375,1127.8594970703125,1112.837646484375,1117.5218505859375,11303288,1146.6009765625,1129.481640625,0.04545067088643561,15.0218505859375,20.14678955078125,0.1845703125,0.3231201171875,1116.8065185546875
2022-07-27,1116.8065185546875,1120.06005859375,1108.5225830078125,1116.46044921875,8655086,1135.520361328125,1129.142431640625,-0.09497813099860083,11.5374755859375,18.48538818359375,-0.3460693359375,-0.71533203125,1124.213623046875
2022-07-28,1124.213623046875,1138.95849609375,1117.2911376953125,1133.9512939453125,12496073,1130.1669677734376,1131.3576293945312,1.5666336177696063,21.6673583984375,18.02156982421875,9.7376708984375,7.753173828125,1142.0736083984375
2022-07-29,1142.0736083984375,1161.6412353515625,1137.1356201171875,1158.1107177734375,15130683,1127.8317626953126,1134.1127807617188,2.1305521636708096,24.505615234375,18.999951171875,16.037109375,8.122314453125,1162.5872802734375
2022-08-01,1162.5872802734375,1194.2462158203125,1157.2569580078125,1188.2928466796875,15700044,1132.603662109375,1138.6423950195312,2.6061522825967463,36.9892578125,21.1897705078125,25.70556640625,4.4765625,1187.2083740234375
2022-08-02,1187.2083740234375,1203.499267578125,1182.1549072265625,1192.8155517578125,13917913,1146.577880859375,1146.5894287109375,0.38060525995441985,21.3443603515625,21.168994140625,5.607177734375,-1.08447265625,1199.8995361328125
2022-08-03,1199.8995361328125,1204.5145263671875,1184.8778076171875,1202.830078125,14250977,1163.196484375,1149.3584228515624,0.8395704057034994,19.63671875,20.53673095703125,2.9305419921875,7.083984375,1204.5145263671875
2022-08-04,1204.5145263671875,1208.0911865234375,1169.902099609375,1186.931396484375,14467127,1179.2566650390625,1154.71181640625,-1.3217728696482416,38.1890869140625,22.846533203125,-17.5831298828125,1.6844482421875,1188.8236083984375
2022-08-05,1188.8236083984375,1190.11572265625,1166.18701171875,1169.4405517578125,13942438,1188.6066650390626,1158.2192138671876,-1.4736188442204337,23.9287109375,24.25640869140625,-19.383056640625,1.8922119140625,1168.0560302734375
2022-08-08,1168.0560302734375,1192.307861328125,1168.0560302734375,1184.7392578125,10165178,1189.7004150390626,1161.1520385742188,1.308207247618673,24.2518310546875,23.7072265625,16.6832275390625,-1.384521484375,1189.2388916015625
2022-08-10,1189.2388916015625,1195.2384033203125,1180.078125,1191.8233642578125,10724688,1190.1065185546875,1168.3421997070313,0.5979464594085098,15.1602783203125,23.7210693359375,2.58447265625,4.4996337890625,1201.3302001953125
2022-08-11,1201.3302001953125,1204.4683837890625,1190.7618408203125,1195.792236328125,8198226,1190.3926513671875,1176.7945678710937,0.333008412935758,13.70654296875,23.93797607421875,-5.5379638671875,9.5068359375,1195.4229736328125
2022-08-12,1195.4229736328125,1218.9825439453125,1191.6849365234375,1215.1290283203125,12650587,1188.5743408203125,1183.9155029296876,1.617069538063257,27.297607421875,24.5010009765625,19.7060546875,-0.3692626953125,1221.2208251953125
2022-08-16,1221.2208251953125,1226.343505859375,1212.49853515625,1223.574462890625,6607378,1195.0537841796875,1191.830224609375,0.6950236866603974,13.844970703125,23.4349365234375,2.3536376953125,6.091796875,1229.8970947265625
2022-08-17,1229.8970947265625,1235.388916015625,1225.535888671875,1229.96630859375,6595965,1207.4219970703125,1198.5612060546875,0.5223912313456288,9.85302734375,20.7213134765625,0.0692138671875,6.3226318359375,1227.589599609375
2022-08-18,1227.589599609375,1231.7430419921875,1218.451904296875,1228.1895751953125,7410035,1215.092138671875,1202.5993286132812,-0.1444538265823624,13.2911376953125,19.9159912109375,0.5999755859375,-2.376708984375,1222.974609375
2022-08-19,1222.974609375,1228.3741455078125,1202.1839599609375,1206.2913818359375,9460724,1219.4210205078125,1204.9068359375,-1.7829652524035344,26.190185546875,20.571337890625,-16.6832275390625,-5.2149658203125,1207.7451171875
2022-08-22,1207.7451171875,1214.344482421875,1193.4385986328125,1202.9454345703125,9471680,1221.88544921875,1205.2298950195313,-0.27737471360630744,20.9058837890625,18.843017578125,-4.7996826171875,1.4537353515625,1197.130615234375
2022-08-23,1197.130615234375,1224.451416015625,1195.9075927734375,1221.497802734375,9678484,1217.0674072265624,1206.060595703125,1.542245195077309,28.5438232421875,19.30452880859375,24.3671875,-5.8148193359375,1218.40576171875
2022-08-24,1218.40576171875,1232.20458984375,1216.213623046875,1218.244140625,10369622,1214.769140625,1211.0955688476563,-0.2663665953464295,15.990966796875,18.4784423828125,-0.16162109375,-3.092041015625,1222.489990234375
2022-08-25,1222.489990234375,1228.9278564453125,1210.3294677734375,1214.690673828125,7871946,1213.74921875,1214.4206787109374,-0.29168757545199053,18.598388671875,18.82225341796875,-7.79931640625,4.245849609375,1215.1290283203125
2022-08-26,1215.1290283203125,1222.974609375,1203.130126953125,1208.20654296875,10742038,1212.1801025390625,1215.8005615234374,-0.5338092239516514,19.844482421875,19.43604736328125,-6.9224853515625,0.4383544921875,1192.97705078125
2022-08-29,1192.97705078125,1225.2821044921875,1189.7696533203125,1198.8150634765625,19838975,1209.2264892578125,1215.5559692382812,-0.7773074518460382,35.512451171875,20.25753173828125,5.8380126953125,-15.2294921875,1206.360595703125
2022-08-30,1206.360595703125,1220.782470703125,1189.1004638671875,1217.4134521484375,23139054,1211.0724853515626,1214.0699462890625,1.5513976457669534,31.6820068359375,22.0412353515625,11.0528564453125,7.5455322265625,1191.892578125
2022-09-01,1191.892578125,1202.1839599609375,1177.1475830078125,1181.6241455078125,19909939,1205.7698486328125,1210.2694946289062,-2.939782419642695,25.036376953125,23.5595703125,-10.2684326171875,-25.5208740234375,1181.6241455078125
2022-09-02,1181.6241455078125,1188.5235595703125,1165.610107421875,1167.8253173828125,12999345,1197.5966796875,1205.67294921875,-1.1677848812974148,22.9134521484375,24.5218017578125,-13.798828125,0.0,1168.0560302734375
2022-09-05,1168.0560302734375,1191.36181640625,1168.0560302734375,1185.9622802734375,11327815,1188.182080078125,1200.1810913085938,1.5530544355102138,23.3057861328125,24.23336181640625,17.90625,0.230712890625,1187.4390869140625
2022-09-06,1187.4390869140625,1202.6685791015625,1186.9775390625,1198.44580078125,10899618,1187.0744873046874,1198.15048828125,1.0526068759062284,15.6910400390625,23.71187744140625,11.0067138671875,1.476806640625,1188.362060546875
2022-09-07,1188.362060546875,1197.5458984375,1186.0545654296875,1191.4771728515625,7488501,1183.4747802734375,1197.2736328125,-0.581472097039745,11.4913330078125,22.00662841796875,3.1151123046875,-10.083740234375,1194.4769287109375
2022-09-08,1194.4769287109375,1198.9765625,1186.51611328125,1193.16162109375,7057077,1183.991650390625,1194.8807495117187,0.14137478086601607,12.46044921875,21.65357666015625,-1.3153076171875,2.999755859375,1204.5145263671875
2022-09-09,1204.5145263671875,1204.5145263671875,1183.2855224609375,1185.7315673828125,8314850,1188.5697265625,1193.083203125,-0.6227198042228765,21.22900390625,21.91663818359375,-18.782958984375,11.3529052734375,1186.308349609375
2022-09-12,1186.308349609375,1205.4376220703125,1186.308349609375,1198.9996337890625,7435419,1192.2201904296876,1190.2011352539062,1.1189772433516072,19.1292724609375,21.8451171875,12.6912841796875,0.5767822265625,1208.20654296875
2022-09-13,1208.20654296875,1213.6060791015625,1200.361083984375,1209.01416015625,8888657,1196.373681640625,1191.7240844726562,0.8352401522875974,13.2449951171875,19.61837158203125,0.8076171875,9.2069091796875,1188.362060546875
2022-09-14,1188.362060546875,1204.5145263671875,1187.32373046875,1194.5230712890625,8678219,1196.373681640625,1189.9242309570313,-1.198587191511033,17.1907958984375,18.16925048828125,6.1610107421875,-20.652099609375,1192.0540771484375
2022-09-15,1192.0540771484375,1201.537841796875,1179.939697265625,1182.6856689453125,10365600,1195.889111328125,1189.940380859375,-0.9909731028447811,21.59814453125,17.82542724609375,-9.368408203125,-2.468994140625,1173.940185546875
2022-09-16,1173.940185546875,1178.2091064453125,1149.5960693359375,1153.38037109375,20217708,1189.7742431640625,1189.1719848632813,-2.4778602312562206,28.613037109375,18.3953857421875,-20.559814453125,-8.7454833984375,1153.38037109375
2022-09-19,1153.38037109375,1164.2255859375,1145.142578125,1154.8802490234375,7580254,1183.1886474609375,1187.7044189453125,0.13004191568347626,19.0830078125,17.97310791015625,1.4998779296875,0.0,1164.1102294921875
2022-09-20,1164.1102294921875,1171.148193359375,1151.3035888671875,1155.0648193359375,8411448,1174.369384765625,1185.371533203125,0.015981770634320915,19.8446044921875,18.38846435546875,-9.04541015625,9.22998046875,1152.249755859375
2022-09-21,1152.249755859375,1168.9791259765625,1151.442138671875,1158.249267578125,9207309,1167.146923828125,1181.760302734375,0.2756943323767997,17.5369873046875,18.99302978515625,5.99951171875,-2.8150634765625,1147.28857421875
2022-09-22,1147.28857421875,1155.134033203125,1140.873779296875,1147.334716796875,10308170,1158.1938232421876,1177.0414672851562,-0.9423317662934592,14.26025390625,19.17301025390625,0.046142578125,-10.960693359375,1146.8271484375
2022-09-23,1146.8271484375,1151.8804931640625,1124.259765625,1125.828857421875,9528051,1152.7712158203126,1171.2727294921874,-1.8744189520421715,27.6207275390625,19.8121826171875,-20.998291015625,-0.507568359375,1104.8536376953125
2022-09-26,1104.8536376953125,1115.8143310546875,1096.13134765625,1097.1466064453125,12479523,1143.065869140625,1163.1272583007812,-2.5476564033226388,19.6829833984375,19.8675537109375,-7.70703125,-20.9752197265625,1104.83056640625
2022-09-27,1104.83056640625,1119.5986328125,1089.185791015625,1105.8690185546875,16154822,1131.2099365234376,1152.7896606445313,0.7950088035759485,30.412841796875,21.58433837890625,1.0384521484375,7.6839599609375,1089.3011474609375
2022-09-28,1089.3011474609375,1097.4466552734375,1073.956298828125,1076.42529296875,16997059,1118.62021484375,1142.8835693359374,-2.662496651223569,23.4903564453125,22.21429443359375,-12.8758544921875,-16.56787109375,1089.1396484375
2022-09-29,1089.1396484375,1092.600830078125,1067.4490966796875,1073.1256103515625,14671827,1106.9904296875,1132.5921264648437,-0.3065407918915645,25.1517333984375,22.5696533203125,-16.0140380859375,12.71435546875,1066.526123046875
2022-09-30,1066.526123046875,1108.5225830078125,1066.526123046875,1097.331298828125,18613024,1090.930224609375,1121.8507202148437,2.25562490011142,41.9964599609375,23.90799560546875,30.80517578125,-6.5994873046875,1103.6768798828125
2022-10-03,1103.6768798828125,1115.4219970703125,1090.524169921875,1093.52392578125,11852723,1090.694873046875,1116.88037109375,-0.34696659531547264,24.8978271484375,24.4894775390625,-10.1529541015625,6.3455810546875,1106.5843505859375
2022-10-04,1106.5843505859375,1115.9066162109375,1103.0538330078125,1113.69140625,8948850,1091.0456298828126,1111.127783203125,1.8442651315874663,12.852783203125,23.79029541015625,7.1070556640625,13.0604248046875,1120.983154296875
2022-10-06,1120.983154296875,1130.674560546875,1115.975830078125,1117.7987060546875,13352162,1097.38203125,1108.001123046875,0.36880052962943477,14.69873046875,23.5064697265625,-3.1844482421875,7.291748046875,1114.360595703125
2022-10-07,1114.360595703125,1127.8594970703125,1114.360595703125,1122.5291748046875,7714340,1102.426220703125,1104.7083251953125,0.42319504615427295,13.4989013671875,23.43033447265625,8.1685791015625,-3.4381103515625,1109.9071044921875
2022-10-10,1109.9071044921875,1115.7220458984375,1102.0616455078125,1110.2763671875,6329527,1111.1024169921875,1101.0163208007812,-1.0915357829625592,13.660400390625,22.0343017578125,0.3692626953125,-12.6220703125,1114.060546875
2022-10-11,1114.060546875,1114.060546875,1085.0322265625,1088.17041015625,9215177,1113.179150390625,1101.93701171875,-1.991031934440591,29.0283203125,22.96883544921875,-25.89013671875,3.7841796875,1085.4476318359375
2022-10-12,1085.4476318359375,1099.1541748046875,1081.3402099609375,1096.177490234375,7417103,1108.951806640625,1099.9987182617188,0.7358296093509165,17.81396484375,21.70894775390625,10.7298583984375,-2.7227783203125,1094.4007568359375
2022-10-13,1094.4007568359375,1104.83056640625,1089.185791015625,1099.661865234375,7328492,1103.6353271484375,1100.5086791992187,0.3178659506367898,15.644775390625,20.9243896484375,5.2611083984375,-1.7767333984375,1114.5220947265625
2022-10-14,1114.5220947265625,1115.1451416015625,1093.3392333984375,1094.07763671875,9106089,1103.667626953125,1103.046923828125,-0.5078132371567521,21.805908203125,20.58980712890625,-20.4444580078125,14.8602294921875,1086.8321533203125
2022-10-17,1086.8321533203125,1114.060546875,1081.571044921875,1111.6376953125,16729355,1099.05263671875,1105.0775268554687,1.6050102848655605,32.489501953125,19.639111328125,24.8055419921875,-7.2454833984375,1117.7525634765625
2022-10-18,1117.7525634765625,1136.674072265625,1116.8988037109375,1131.25146484375,12415820,1099.7910400390624,1106.4850952148438,1.7644030617130375,19.7752685546875,19.12685546875,13.4989013671875,6.1148681640625,1132.7513427734375
2022-10-19,1132.7513427734375,1166.6024169921875,1126.8441162109375,1150.9344482421875,19247142,1109.2517822265625,1109.1017944335938,1.739929981098954,39.75830078125,21.8174072265625,18.18310546875,1.4998779296875,1146.8271484375
2022-10-20,1146.8271484375,1162.51806640625,1146.8271484375,1154.0264892578125,8717053,1119.737060546875,1111.6861938476563,0.2686548326316454,15.69091796875,21.9166259765625,7.1993408203125,-4.1072998046875,1157.3031005859375
2022-10-21,1157.3031005859375,1161.5028076171875,1138.5201416015625,1140.6429443359375,8243452,1128.29326171875,1115.9804443359376,-1.1597259721899746,22.982666015625,22.86500244140625,-16.66015625,3.276611328125,1135.28955078125
2022-10-24,1135.28955078125,1154.9033203125,1133.12060546875,1144.4503173828125,3370033,1137.9847412109375,1118.5186889648437,0.33379183782104455,21.78271484375,23.67723388671875,9.1607666015625,-5.3533935546875,1153.2880859375
2022-10-25,1153.2880859375,1153.2880859375,1125.1365966796875,1126.77490234375,12233241,1145.091845703125,1122.4414428710938,-1.5444458156544134,28.1514892578125,23.58955078125,-26.51318359375,8.8377685546875,1134.3665771484375
2022-10-27,1134.3665771484375,1139.1893310546875,1122.73681640625,1131.205322265625,12513059,1145.414892578125,1127.3333374023437,0.39319476433664774,16.4525146484375,23.45340576171875,-3.1612548828125,7.5916748046875,1137.5970458984375
2022-10-28,1137.5970458984375,1169.902099609375,1135.0357666015625,1165.81787109375,17609592,1143.5688720703124,1131.6529663085937,3.059793668474044,34.8663330078125,25.3755615234375,28.2208251953125,6.3917236328125,1172.671142578125
2022-10-31,1172.671142578125,1181.8780517578125,1168.60986328125,1176.6400146484375,12419943,1146.64248046875,1137.46787109375,0.9282876702288285,13.2681884765625,24.52178955078125,3.9688720703125,6.853271484375,1199.8995361328125
2022-11-01,1199.8995361328125,1199.8995361328125,1157.441650390625,1167.525390625,13963166,1159.5644775390624,1148.774609375,-0.7746314854132182,42.4578857421875,25.5186279296875,-32.3741455078125,23.259521484375,1168.656005859375
2022-11-02,1168.656005859375,1176.9168701171875,1160.672119140625,1174.8170166015625,8981896,1162.6380615234375,1153.8649536132812,0.6245368225062022,16.2447509765625,25.165576171875,6.1610107421875,1.130615234375,1167.525390625
2022-11-03,1167.525390625,1181.23193359375,1165.3101806640625,1179.2012939453125,6693449,1169.26982421875,1157.3423583984375,0.3731881034914326,15.9217529296875,22.78192138671875,11.6759033203125,-7.2916259765625,1178.6243896484375
2022-11-04,1178.6243896484375,1199.8995361328125,1177.332275390625,1196.5537109375,12575815,1177.47529296875,1160.5220825195313,1.4715398533977735,22.5672607421875,23.4695556640625,17.9293212890625,-0.576904296875,1195.74609375
2022-11-07,1195.74609375,1204.653076171875,1187.900634765625,1202.9454345703125,11789748,1182.090283203125,1164.3663818359375,0.5341777451682118,16.75244140625,22.846533203125,7.1993408203125,-0.8076171875,1204.653076171875
2022-11-09,1204.653076171875,1210.029541015625,1195.3076171875,1201.74560546875,11254205,1183.0409912109376,1171.302734375,-0.09974094144935795,14.721923828125,22.1404541015625,-2.907470703125,1.7076416015625,1195.2845458984375
2022-11-10,1195.2845458984375,1198.307373046875,1182.8240966796875,1187.2083740234375,5966242,1188.36669921875,1175.5023803710938,-1.2096762725121133,15.4832763671875,20.8736328125,-8.076171875,-6.4610595703125,1199.8995361328125
2022-11-11,1199.8995361328125,1216.5135498046875,1194.361572265625,1214.5753173828125,12310132,1194.8415283203126,1182.0556762695312,2.3051508023506186,22.1519775390625,21.4435791015625,14.67578125,12.691162109375,1214.0906982421875
2022-11-14,1214.0906982421875,1219.2825927734375,1202.2762451171875,1208.691162109375,9043112,1201.9347900390626,1189.7050415039062,-0.4844619505455436,17.00634765625,19.65758056640625,-5.3995361328125,-0.484619140625,1210.1910400390625
2022-11-15,1210.1910400390625,1212.0831298828125,1195.2845458984375,1203.2685546875,7086433,1204.823779296875,1193.45703125,-0.4486346547294689,16.798583984375,20.0106201171875,-6.9224853515625,1.4998779296875,1204.5145263671875
2022-11-16,1204.5145263671875,1207.260498046875,1191.2926025390625,1196.369140625,9716161,1204.7960693359375,1193.9185302734375,-0.5733893764299227,15.9678955078125,17.36162109375,-8.1453857421875,1.2459716796875,1192.9539794921875
2022-11-17,1192.9539794921875,1205.8990478515625,1190.6695556640625,1199.461181640625,6661451,1204.3299560546875,1196.3483276367188,0.2584520872888509,15.2294921875,17.26009521484375,6.5072021484375,-3.4151611328125,1203.0146484375
2022-11-18,1203.0146484375,1204.0531005859375,1186.562255859375,1198.8150634765625,5303197,1204.952978515625,1199.8972534179688,-0.053867367610741554,17.4908447265625,17.41700439453125,-4.1995849609375,3.553466796875,1194.361572265625
2022-11-21,1194.361572265625,1194.361572265625,1173.6402587890625,1177.239990234375,6390268,1201.0071533203125,1201.4709716796874,-1.7996998786134544,20.7213134765625,17.23240966796875,-17.12158203125,-4.4534912109375,1174.51708984375
2022-11-22,1174.51708984375,1185.3623046875,1170.5943603515625,1183.7701416015625,6611488,1193.87236328125,1199.3480712890625,0.5547000969519751,14.7679443359375,17.0339599609375,9.2530517578125,-2.722900390625,1188.362060546875
2022-11-23,1188.362060546875,1189.700439453125,1177.8629150390625,1180.078125,6413408,1190.6418701171874,1197.7189697265626,-0.3118862751992922,11.8375244140625,16.74552001953125,-8.283935546875,4.5919189453125,1184.2086181640625
2022-11-24,1184.2086181640625,1197.130615234375,1175.993896484375,1190.2542724609375,9389439,1188.8927978515626,1196.611376953125,0.8623282853359815,21.13671875,17.3108642578125,6.045654296875,4.1304931640625,1194.8231201171875
2022-11-25,1194.8231201171875,1211.390869140625,1191.638671875,1208.02197265625,7349922,1187.2544921875,1196.1037353515626,1.4927650844366627,19.752197265625,17.07088623046875,13.1988525390625,4.56884765625,1204.0069580078125
2022-11-28,1204.0069580078125,1255.76416015625,1154.672607421875,1249.533935546875,31527484,1189.1835693359376,1195.095361328125,3.436358264191729,101.091552734375,25.47940673828125,45.5269775390625,-4.0150146484375,1247.8724365234375
2022-11-29,1247.8724365234375,1260.656005859375,1243.280517578125,1251.6798095703125,11058913,1203.854638671875,1198.8635009765626,0.17173395314776543,17.37548828125,25.53709716796875,3.807373046875,-1.6614990234375,1251.818359375
2022-11-30,1251.818359375,1267.0247802734375,1245.2188720703125,1260.517578125,26164986,1216.5458984375,1203.5938842773437,0.7060726303255948,21.805908203125,26.1208984375,8.69921875,0.1385498046875,1265.3402099609375
2022-12-01,1265.3402099609375,1271.4320068359375,1253.43359375,1256.802490234375,9485801,1232.772216796875,1210.8325073242188,-0.29472717835090684,17.9984130859375,26.39779052734375,-8.5377197265625,4.8226318359375,1259.89453125
2022-12-02,1259.89453125,1268.2015380859375,1246.326416015625,1256.271728515625,11589592,1245.7864990234375,1216.5204956054688,-0.042231116096135425,21.8751220703125,26.83621826171875,-3.622802734375,3.092041015625,1251.5875244140625
2022-12-05,1251.5875244140625,1253.7796630859375,1235.8966064453125,1237.9501953125,14828536,1255.3026123046875,1222.2430908203125,-1.4584052786711361,17.883056640625,26.552392578125,-13.6373291015625,-4.6842041015625,1229.9432373046875
2022-12-06,1229.9432373046875,1244.6650390625,1228.051025390625,1241.52685546875,8594245,1251.7167724609376,1227.7857055664062,0.28891793626213946,16.614013671875,26.73699951171875,11.5836181640625,-8.0069580078125,1239.1270751953125
2022-12-07,1239.1270751953125,1243.7420654296875,1219.351806640625,1223.205322265625,8462111,1249.178515625,1232.86220703125,-1.4757258872348382,24.3902587890625,27.99227294921875,-15.9217529296875,-2.3997802734375,1227.589599609375
2022-12-08,1227.589599609375,1229.8970947265625,1218.40576171875,1222.62841796875,7757008,1241.6283935546876,1237.2003051757813,-0.047163324617199666,11.4913330078125,27.027734375,-4.961181640625,4.38427734375,1221.1285400390625
2022-12-09,1221.1285400390625,1227.589599609375,1200.7532958984375,1204.0992431640625,12655763,1233.8751953125,1239.8308471679688,-1.515519722293998,26.8363037109375,27.73614501953125,-17.029296875,-1.4998779296875,1193.2078857421875
2022-12-12,1193.2078857421875,1210.5140380859375,1192.97705078125,1205.9451904296875,9479842,1222.199267578125,1238.7509399414062,0.15330524257903577,17.5369873046875,19.3806884765625,12.7373046875,-10.891357421875,1205.9451904296875
2022-12-13,1205.9451904296875,1215.1290283203125,1202.9915771484375,1211.4371337890625,8333348,1217.399658203125,1234.5582153320313,0.4554057185151324,12.137451171875,18.856884765625,5.491943359375,0.0,1217.2750244140625
2022-12-14,1217.2750244140625,1217.875,1204.97607421875,1207.0528564453125,7268947,1213.029248046875,1231.1038818359375,-0.36190712843984835,12.89892578125,17.9661865234375,-10.22216796875,5.837890625,1201.0533447265625
2022-12-15,1201.0533447265625,1206.822021484375,1186.51611328125,1189.9080810546875,8688551,1207.7219970703125,1224.6751953125,-1.4203831505038795,20.305908203125,18.19693603515625,-11.145263671875,-5.99951171875,1186.51611328125
2022-12-16,1186.51611328125,1208.5758056640625,1180.5858154296875,1184.02392578125,15837349,1200.79951171875,1217.337353515625,-0.4945050266590355,27.989990234375,18.8084228515625,-2.4921875,-3.3919677734375,1191.131103515625
2022-12-19,1191.131103515625,1201.74560546875,1184.5316162109375,1199.5765380859375,7729933,1200.3841552734375,1211.2917114257812,1.3135386849911397,17.2139892578125,18.74151611328125,8.4454345703125,7.107177734375,1192.469482421875
2022-12-20,1192.469482421875,1211.8985595703125,1184.2086181640625,1209.9603271484375,7467588,1197.689013671875,1207.5443359375,0.8656212198905232,27.68994140625,19.84910888671875,17.4908447265625,-7.1070556640625,1209.591064453125
2022-12-21,1209.591064453125,1215.1290283203125,1188.8697509765625,1192.746337890625,8527550,1196.1522216796875,1204.5907348632813,-1.422690386748581,26.25927734375,20.0360107421875,-16.8447265625,-0.3692626953125,1198.9765625
2022-12-22,1198.9765625,1202.0455322265625,1184.5546875,1189.654296875,7451122,1195.736865234375,1201.7294311523438,-0.25923709990954846,17.4908447265625,20.6359619140625,-9.322265625,6.230224609375,1182.9625244140625
2022-12-23,1182.9625244140625,1195.515380859375,1150.1729736328125,1154.764892578125,10257115,1195.0261474609374,1197.9128295898438,-2.9327346934754877,45.3424072265625,22.486572265625,-28.1976318359375,-6.6917724609375,1160.5567626953125
2022-12-26,1160.5567626953125,1173.132568359375,1150.2421875,1164.8486328125,5990242,1188.911279296875,1194.6477172851562,0.8732288536987013,22.890380859375,23.02191162109375,4.2918701171875,5.7918701171875,1167.5946044921875
2022-12-27,1167.5946044921875,1176.270751953125,1160.7874755859375,1174.378662109375,5763271,1183.9363037109374,1190.8126586914063,0.8181345651636269,15.4832763671875,23.356494140625,6.7840576171875,2.7459716796875,1171.28662109375
2022-12-28,1171.28662109375,1176.7322998046875,1163.671875,1174.2633056640625,7459393,1176.2754150390624,1186.213818359375,-0.009822764073838081,13.0604248046875,23.37264404296875,2.9766845703125,-3.092041015625,1166.2100830078125
2022-12-29,1166.2100830078125,1176.31689453125,1165.517822265625,1173.7325439453125,6930648,1169.722119140625,1182.7294921875,-0.04519954904405761,10.799072265625,22.42196044921875,7.5224609375,-8.05322265625,1174.563232421875
2022-12-30,1174.563232421875,1189.2850341796875,1172.71728515625,1175.5323486328125,7289476,1168.0422607421874,1181.5342041015624,0.15334027302763942,16.5677490234375,21.279736328125,0.9691162109375,0.8306884765625,1176.8245849609375
2023-01-02,1176.8245849609375,1190.2081298828125,1175.993896484375,1188.7774658203125,5316175,1171.2958251953125,1180.1035522460938,1.1267335350579302,14.2142333984375,20.9797607421875,11.952880859375,1.292236328125,1183.7701416015625
2023-01-03,1183.7701416015625,1187.4390869140625,1175.809326171875,1180.078125,7658932,1174.5309326171875,1179.2336181640626,-0.7317888394115499,11.6297607421875,19.37374267578125,-3.6920166015625,-5.00732421875,1180.0550537109375
2023-01-04,1180.0550537109375,1181.9241943359375,1160.2105712890625,1162.3104248046875,9264891,1176.284619140625,1176.2800170898438,-1.5056376199933796,21.713623046875,18.91917724609375,-17.74462890625,-0.0230712890625,1164.5948486328125
2023-01-05,1164.5948486328125,1170.5482177734375,1155.5955810546875,1160.233642578125,13637099,1175.961572265625,1172.841845703125,-0.17867707130919683,14.95263671875,18.6653564453125,-4.3612060546875,2.284423828125,1166.048583984375
2023-01-06,1166.048583984375,1175.8785400390625,1162.195068359375,1170.7789306640625,6349597,1174.258642578125,1171.1504516601562,0.9088934934264696,13.6834716796875,15.499462890625,4.7303466796875,5.81494140625,1174.655517578125
2023-01-09,1174.655517578125,1200.8226318359375,1173.755615234375,1198.4227294921875,10722753,1173.8248291015625,1172.5603271484374,2.3611459092832763,27.0670166015625,15.91712646484375,23.7672119140625,3.8765869140625,1202.6685791015625
2023-01-10,1202.6685791015625,1202.6685791015625,1174.9786376953125,1180.701171875,8047142,1177.6045166015624,1176.067724609375,-1.478740112405639,27.68994140625,17.13779296875,-21.9674072265625,4.245849609375,1177.9783935546875
2023-01-11,1177.9783935546875,1180.5166015625,1163.4871826171875,1165.81787109375,11509553,1177.1891845703126,1176.7369018554687,-1.2605476420095978,17.0294189453125,17.5346923828125,-12.1605224609375,-2.7227783203125,1165.2178955078125
2023-01-12,1165.2178955078125,1168.748291015625,1137.5970458984375,1140.6429443359375,17688773,1177.3137939453125,1176.6376831054688,-2.1594219287609495,31.1512451171875,19.56990966796875,-24.574951171875,-0.5999755859375,1134.5511474609375
2023-01-13,1134.5511474609375,1141.242919921875,1123.5675048828125,1138.7969970703125,20618583,1171.014306640625,1172.636474609375,-0.16183392662808066,17.6754150390625,19.68067626953125,4.245849609375,-6.091796875,1141.150634765625
2023-01-16,1141.150634765625,1144.3580322265625,1120.06005859375,1127.9517822265625,13623855,1164.313330078125,1169.0690795898438,-0.9523396067649084,24.2979736328125,20.68905029296875,-13.1988525390625,2.3536376953125,1134.3665771484375
2023-01-17,1134.3665771484375,1145.904052734375,1130.9515380859375,1143.9658203125,10751000,1150.6529296875,1164.1287231445312,1.4197449162521816,14.9525146484375,21.02132568359375,9.5992431640625,6.414794921875,1141.5198974609375
2023-01-18,1141.5198974609375,1149.6422119140625,1135.451171875,1142.0736083984375,13448286,1143.36123046875,1160.2752075195312,-0.1654080812961352,14.1910400390625,20.2690673828125,0.5537109375,-2.4459228515625,1141.242919921875
2023-01-19,1141.242919921875,1145.05029296875,1133.7435302734375,1140.8507080078125,11940054,1138.5662353515625,1157.9400146484375,-0.10707719551806369,11.3067626953125,19.90447998046875,-0.3922119140625,-0.8306884765625,1142.2120361328125
2023-01-20,1142.2120361328125,1142.2120361328125,1124.79052734375,1127.2825927734375,14930286,1140.0984130859374,1155.5563598632812,-1.1892980509314885,17.4215087890625,20.27828369140625,-14.929443359375,1.361328125,1130.213134765625
2023-01-23,1130.213134765625,1138.15087890625,1119.1370849609375,1121.5830078125,10954118,1137.9109130859374,1151.1121215820312,-0.5056039184384895,19.0137939453125,19.47296142578125,-8.630126953125,2.9305419921875,1126.0595703125
2023-01-24,1126.0595703125,1127.7440185546875,1101.7615966796875,1114.9605712890625,16488755,1136.24951171875,1143.451220703125,-0.5904544271184787,25.982421875,19.30220947265625,-11.0989990234375,4.4765625,1113.3453369140625
2023-01-25,1113.3453369140625,1114.3836669921875,1098.36962890625,1099.54638671875,12385018,1130.614599609375,1136.9879150390625,-1.3824869656593666,16.0140380859375,19.20067138671875,-13.7989501953125,-1.615234375,1100.4002685546875
2023-01-27,1100.4002685546875,1101.7615966796875,1066.8260498046875,1078.6866455078125,25830975,1122.4460693359374,1130.50615234375,-1.897122437297696,34.935546875,19.5791015625,-21.713623046875,0.8538818359375,1076.0792236328125
2023-01-30,1076.0792236328125,1094.6314697265625,1061.9111328125,1089.0242919921875,21772103,1109.2195068359374,1124.6589599609374,0.9583549149723971,32.7203369140625,21.08359375,12.945068359375,-2.607421875,1099.2926025390625
2023-01-31,1099.2926025390625,1101.900146484375,1080.37109375,1086.3013916015625,22691594,1103.035400390625,1120.4731567382812,-0.25003118944609676,21.529052734375,20.80670166015625,-12.9912109375,10.268310546875,1098.3465576171875
2023-02-01,1098.3465576171875,1098.3465576171875,1063.757080078125,1079.863525390625,19347800,1097.4927978515625,1116.8711547851562,-0.5926408877600705,34.5894775390625,22.77039794921875,-18.4830322265625,12.045166015625,1069.756591796875
2023-02-02,1069.756591796875,1083.6015625,1066.526123046875,1073.8870849609375,13662663,1088.775048828125,1109.69482421875,-0.5534440500271189,17.075439453125,23.058837890625,4.1304931640625,-10.10693359375,1084.0631103515625
2023-02-03,1084.0631103515625,1084.0631103515625,1058.2191162109375,1074.8331298828125,24699575,1085.5076171875,1103.9768432617188,0.08809538126714805,25.843994140625,24.51256103515625,-9.22998046875,10.176025390625,1068.3720703125
2023-02-06,1068.3720703125,1071.14111328125,1064.1263427734375,1066.7337646484375,14837879,1083.9661865234375,1096.5928466796875,-0.7535462956243322,7.0147705078125,23.47188720703125,-1.6383056640625,-6.4610595703125,1066.9876708984375
2023-02-07,1066.9876708984375,1074.0947265625,1058.2191162109375,1064.1724853515625,15135435,1077.5052001953125,1090.2703002929688,-0.24010483044184117,15.8756103515625,23.15806884765625,-2.815185546875,0.25390625,1067.4490966796875
2023-02-08,1067.4490966796875,1089.093505859375,1064.68017578125,1085.424560546875,21160332,1071.3257080078124,1084.4092529296875,1.997051745637984,24.413330078125,23.00115966796875,17.9754638671875,3.276611328125,1086.1168212890625
2023-02-09,1086.1168212890625,1094.1468505859375,1077.140625,1087.316650390625,13172763,1074.59775390625,1081.6864013671875,0.17431795009288334,17.0062255859375,23.10037841796875,1.1998291015625,0.6922607421875,1086.7860107421875
2023-02-10,1086.7860107421875,1086.7860107421875,1071.279541015625,1078.3636474609375,10790445,1075.142333984375,1080.3249755859374,-0.8234034608474984,15.5064697265625,21.157470703125,-8.42236328125,-0.5306396484375,1080.001953125
2023-02-13,1080.001953125,1084.524658203125,1067.7030029296875,1072.2257080078125,10352493,1077.468310546875,1080.7172485351562,-0.569190130581376,16.8216552734375,19.5676025390625,-7.7762451171875,1.6383056640625,1075.2716064453125
2023-02-14,1075.2716064453125,1099.2464599609375,1072.3641357421875,1097.4927978515625,14321920,1079.12509765625,1078.3151489257812,2.3565084902409277,26.88232421875,20.1029296875,22.22119140625,3.0458984375,1096.5235595703125
2023-02-15,1096.5235595703125,1124.7674560546875,1095.13916015625,1122.344482421875,33503591,1084.939990234375,1078.1328491210938,2.264405253406841,29.6282958984375,19.6068115234375,25.8209228515625,-0.96923828125,1130.4207763671875
2023-02-16,1130.4207763671875,1137.0433349609375,1119.16015625,1121.4676513671875,17264487,1093.80078125,1084.199267578125,-0.07812494901702652,17.8831787109375,19.68758544921875,-8.953125,8.0762939453125,1116.82958984375
2023-02-17,1116.82958984375,1129.5208740234375,1112.491455078125,1126.15185546875,11809520,1099.8094970703125,1087.4759155273437,0.41768517316143366,17.0294189453125,18.8061279296875,9.322265625,-4.6380615234375,1128.3670654296875
2023-02-20,1128.3670654296875,1130.5592041015625,1112.2607421875,1114.2452392578125,8836937,1109.48251953125,1093.4754150390625,-1.0572833630844114,18.2984619140625,19.9344970703125,-14.121826171875,2.2152099609375,1118.6756591796875
2023-02-21,1118.6756591796875,1129.19775390625,1113.299072265625,1123.3367919921875,13311592,1118.163330078125,1098.6442138671875,0.8159382166560382,15.898681640625,19.93680419921875,4.6611328125,4.430419921875,1119.5755615234375
2023-02-22,1119.5755615234375,1121.444580078125,1096.085205078125,1097.8619384765625,11024335,1122.77373046875,1103.8568603515625,-2.2677841318137983,25.359375,20.03140869140625,-21.713623046875,-3.76123046875,1097.4466552734375
2023-02-23,1097.4466552734375,1105.1767578125,1089.7626953125,1092.600830078125,9851910,1116.17890625,1104.98984375,-0.47921402628622195,15.4140625,19.8721923828125,-4.8458251953125,-0.415283203125,1094.6776123046875
2023-02-24,1094.6776123046875,1105.8228759765625,1092.8316650390625,1100.0771484375,9434053,1111.7485107421876,1105.77900390625,0.6842680468072146,12.9912109375,19.62066650390625,5.3995361328125,2.0767822265625,1099.2926025390625
2023-02-27,1099.2926025390625,1102.8231201171875,1085.3092041015625,1092.7623291015625,11199715,1105.9336181640624,1107.7080688476562,-0.6649369406797642,17.513916015625,19.689892578125,-6.5302734375,-0.7845458984375,1087.3397216796875
2023-02-28,1087.3397216796875,1092.3701171875,1067.7491455078125,1071.8564453125,21994038,1099.6664306640625,1108.9148803710937,-1.9131226646740935,24.6209716796875,19.46375732421875,-15.4832763671875,-5.422607421875,1081.755615234375
2023-03-01,1081.755615234375,1082.4478759765625,1072.179443359375,1081.70947265625,11551145,1092.10244140625,1107.4380859375,0.9192487843721784,10.2684326171875,17.52777099609375,-0.046142578125,9.899169921875,1078.525146484375
2023-03-02,1078.525146484375,1085.2861328125,1071.41796875,1073.4716796875,9333535,1088.3181396484374,1102.2485229492188,-0.7615531875228237,13.8681640625,17.12626953125,-5.053466796875,-3.184326171875,1084.13232421875
2023-03-03,1084.13232421875,1104.5767822265625,1080.625,1100.8616943359375,14643807,1086.20908203125,1098.9787963867188,2.5515358408347626,23.9517822265625,17.818505859375,16.7293701171875,10.66064453125,1107.599609375
2023-03-06,1107.599609375,1118.9525146484375,1107.599609375,1111.6146240234375,10171916,1087.8704833984375,1096.90205078125,0.9767738983766157,11.3529052734375,17.1239501953125,4.0150146484375,6.7379150390625,1111.6146240234375
2023-03-08,1111.6146240234375,1116.3681640625,1100.6771240234375,1115.606689453125,15782657,1092.7254638671875,1096.195947265625,0.3591231478440257,15.6910400390625,17.10318603515625,3.9920654296875,0.0,1114.983642578125
2023-03-09,1114.983642578125,1115.39892578125,1086.8782958984375,1088.79345703125,16235128,1099.3710693359376,1095.7367553710938,-2.403466443448717,28.5206298828125,17.4193115234375,-26.190185546875,-0.623046875,1080.6019287109375
2023-03-10,1080.6019287109375,1081.755615234375,1068.3951416015625,1071.9256591796875,13334091,1099.78642578125,1094.0522827148438,-1.5492192520659471,13.3604736328125,17.21395263671875,-8.67626953125,-8.1915283203125,1074.8331298828125
2023-03-13,1074.8331298828125,1081.755615234375,1049.912109375,1054.29638671875,12771592,1097.9265869140625,1092.0678344726562,-1.6446357366264235,31.843505859375,19.09918212890625,-20.5367431640625,2.907470703125,1052.2196044921875
2023-03-14,1052.2196044921875,1063.7340087890625,1047.166259765625,1050.3505859375,16027522,1086.8505859375,1087.3605346679688,-0.3742591581415145,16.5677490234375,19.0045654296875,-1.8690185546875,-2.0767822265625,1054.11181640625
2023-03-15,1054.11181640625,1060.6650390625,1027.9447021484375,1032.398193359375,21728555,1075.3500244140625,1084.037744140625,-1.7091809933253315,32.7203369140625,19.814501953125,-21.713623046875,3.76123046875,1035.1441650390625
2023-03-16,1035.1441650390625,1040.2205810546875,1016.31494140625,1027.25244140625,18363159,1059.38212890625,1079.3765991210937,-0.49842705907697943,23.9056396484375,21.17822265625,-7.8917236328125,2.7459716796875,1035.9517822265625
2023-03-17,1035.9517822265625,1039.2745361328125,1021.1607055664062,1025.9603271484375,34014213,1050.452099609375,1075.1192626953125,-0.1257835178316704,18.11383056640625,21.602789306640624,-9.991455078125,8.6993408203125,1022.22216796875
2023-03-20,1022.22216796875,1024.5296630859375,1006.0696411132812,1015.8765258789062,19524589,1039.9299072265626,1068.9282470703124,-0.9828646393723868,18.46002197265625,21.05361328125,-6.34564208984375,-3.7381591796875,1024.0450439453125
2023-03-21,1024.0450439453125,1049.45068359375,1023.1451416015624,1047.4661865234375,21400360,1034.2949951171875,1060.5727905273438,3.1095964755363172,26.305541992187614,22.54887695312501,23.421142578125,8.16851806640625,1054.527099609375
2023-03-22,1054.527099609375,1057.5037841796875,1047.6046142578125,1050.6505126953125,10920094,1034.3780517578125,1054.8640380859374,0.3040027652294769,9.899169921875,21.969689941406262,-3.8765869140625,7.0609130859375,1046.681640625
2023-03-23,1046.681640625,1047.5584716796875,1035.167236328125,1037.359375,16249370,1036.685546875,1048.033837890625,-1.2650389006345935,12.3912353515625,20.35675048828126,-9.322265625,-3.9688720703125,1036.1824951171875
2023-03-24,1036.1824951171875,1038.3746337890625,1014.3766479492188,1016.8225708007812,12375945,1036.731689453125,1043.59189453125,-1.9797193426066788,23.99798583984375,21.420501708984386,-19.35992431640625,-1.1768798828125,1023.3759155273438
2023-03-27,1023.3759155273438,1040.2205810546875,1015.3919677734376,1032.62890625,14054323,1036.9624389648438,1038.4461730957032,1.5544831422035352,24.828613281249886,20.719012451171874,9.25299072265625,6.5533447265625,1036.067138671875
2023-03-28,1036.067138671875,1041.3743896484375,1032.3751220703125,1037.45166015625,12576424,1039.3668579101563,1036.8309265136718,0.4670365004369158,8.999267578125,19.962164306640624,1.384521484375,3.438232421875,1033.298095703125
2023-03-29,1033.298095703125,1035.974853515625,1020.4223022460938,1031.313720703125,18804065,1035.1210571289062,1034.7495544433593,-0.5916361878683165,15.55255126953125,18.2453857421875,-1.984375,-4.153564453125,1040.68212890625
2023-03-31,1040.68212890625,1081.5018310546875,1040.543701171875,1075.7791748046875,28171201,1033.9211547851562,1035.3033508300782,4.311535201068305,40.9581298828125,19.950634765625,35.0970458984375,9.368408203125,1082.2171630859375
2023-04-03,1082.2171630859375,1084.0631103515625,1068.3720703125,1075.9637451171875,10293043,1043.1280883789063,1039.9298889160157,0.01715689584096193,15.6910400390625,19.708355712890626,-6.25341796875,6.43798828125,1083.6015625
2023-04-05,1083.6015625,1083.6015625,1065.3955078125,1073.37939453125,16262928,1055.1732177734375,1046.0678283691407,-0.24018937419271763,18.2060546875,19.682958984375,-10.22216796875,7.6378173828125,1069.8258056640625
2023-04-06,1069.8258056640625,1086.37060546875,1069.8258056640625,1080.5787353515625,18435046,1061.924951171875,1050.6459045410156,0.6707172558922175,16.5447998046875,18.706884765624988,10.7529296875,-3.5535888671875,1084.524658203125
2023-04-10,1084.524658203125,1084.709228515625,1071.3948974609375,1072.9178466796875,12961408,1072.170263671875,1053.6456604003906,-0.7089616352095396,13.3143310546875,19.04840087890624,-11.6068115234375,3.9459228515625,1077.140625
2023-04-11,1077.140625,1080.37109375,1072.5487060546875,1078.22509765625,10542367,1079.461962890625,1056.6915588378906,0.49465585766763226,7.8223876953125,18.591516113281237,1.08447265625,4.2227783203125,1078.22509765625
2023-04-12,1078.22509765625,1092.7392578125,1075.3177490234375,1082.9786376953125,18179087,1078.6635498046876,1060.895819091797,0.44086712963696756,17.4215087890625,17.933868408203114,4.7535400390625,0.0,1085.9090576171875
2023-04-13,1085.9090576171875,1091.8162841796875,1080.8326416015625,1087.0628662109375,12378208,1079.125048828125,1067.1491333007812,0.37712918551345104,10.983642578125,16.549371337890626,1.15380859375,2.930419921875,1119.114013671875
2023-04-17,1119.114013671875,1119.114013671875,1084.086181640625,1092.5777587890625,17929479,1088.9826904296874,1075.4538208007812,0.5073204825170499,35.02783203125,19.152227783203124,-26.5362548828125,32.0511474609375,1096.985107421875
2023-04-18,1096.985107421875,1096.985107421875,1073.4486083984375,1080.0711669921875,10405576,1091.4747802734375,1081.8225219726562,-1.144686654681351,23.5364990234375,19.95062255859375,-16.9139404296875,4.4073486328125,1079.47119140625
2023-04-19,1079.47119140625,1088.17041015625,1076.3099365234375,1085.4476318359375,12273475,1091.9408935546876,1085.7014282226562,0.4977880169435992,11.8604736328125,17.04085693359375,5.9764404296875,-0.5999755859375,1086.416748046875
2023-04-20,1086.416748046875,1088.6781005859375,1076.2637939453125,1082.70166015625,7007330,1093.5792236328125,1086.12138671875,-0.25298057678221975,12.414306640625,16.71318359375,-3.715087890625,0.9691162109375,1084.8245849609375
2023-04-21,1084.8245849609375,1089.60107421875,1078.2481689453125,1084.0631103515625,7647317,1093.3623291015624,1086.2436889648438,0.12574564586111583,11.3529052734375,16.02786865234375,-0.761474609375,2.1229248046875,1096.0621337890625
2023-04-24,1096.0621337890625,1098.784912109375,1083.6015625,1088.2166748046875,12936186,1088.751953125,1088.8673217773437,0.38314784568012794,15.183349609375,15.8917236328125,-7.845458984375,11.9990234375,1091.9085693359375
2023-04-25,1091.9085693359375,1098.646484375,1084.75537109375,1096.546630859375,9236126,1087.7366455078125,1089.605712890625,0.7654685181315161,13.89111328125,15.94940185546875,4.6380615234375,3.69189453125,1097.9080810546875
2023-04-26,1097.9080810546875,1101.184814453125,1086.3936767578125,1090.1087646484375,8617834,1091.4240234375,1091.6824584960937,-0.5871037336453332,14.7911376953125,16.64627685546875,-7.79931640625,1.3614501953125,1096.0621337890625
2023-04-27,1096.0621337890625,1100.215576171875,1090.985595703125,1097.0081787109375,9167125,1093.3531005859375,1093.466162109375,0.632910612797896,9.22998046875,15.8271240234375,0.946044921875,5.953369140625,1099.2926025390625
2023-04-28,1099.2926025390625,1118.6295166015625,1099.17724609375,1117.060302734375,15565210,1096.2467041015625,1094.8045166015625,1.8278919348623426,19.4522705078125,16.67398681640625,17.7677001953125,2.284423828125,1124.305908203125
2023-05-02,1124.305908203125,1128.736328125,1120.5677490234375,1126.544189453125,12981805,1101.895458984375,1095.3237060546876,0.8490040059193802,8.1685791015625,13.9880615234375,2.23828125,7.24560546875,1128.3670654296875
2023-05-03,1128.3670654296875,1128.3670654296875,1113.6221923828125,1116.875732421875,7061872,1109.187158203125,1098.4619018554688,-0.858240371018513,14.744873046875,13.10889892578125,-11.4913330078125,1.8228759765625,1117.3603515625
2023-05-04,1117.3603515625,1131.9898681640625,1114.3375244140625,1129.7515869140625,8635233,1113.0776123046876,1102.2508178710937,1.1528457569999322,17.65234375,13.6880859375,12.3912353515625,0.484619140625,1126.5211181640625
2023-05-05,1126.5211181640625,1135.91259765625,1124.213623046875,1126.8671875,8746585,1119.1694091796876,1106.2612548828124,-0.25531271188043125,11.698974609375,13.616552734375,0.3460693359375,-3.23046875,1130.674560546875
2023-05-08,1130.674560546875,1146.2041015625,1127.974853515625,1140.781494140625,9153782,1125.44580078125,1110.8462524414062,1.2347778686762942,18.229248046875,14.30418701171875,10.10693359375,3.807373046875,1142.2120361328125
2023-05-09,1142.2120361328125,1147.6578369140625,1136.7894287109375,1144.3118896484375,6464721,1129.0270263671875,1115.4612426757812,0.30947166709362006,10.868408203125,13.87269287109375,2.099853515625,1.4305419921875,1149.1346435546875
2023-05-10,1149.1346435546875,1153.680419921875,1145.0733642578125,1152.1805419921875,10872255,1133.1805419921875,1121.1838500976562,0.6876317912040095,8.6070556640625,13.344287109375,3.0458984375,4.82275390625,1153.2650146484375
2023-05-11,1153.2650146484375,1158.1337890625,1142.9273681640625,1144.6580810546875,10557860,1140.361474609375,1126.7195434570312,-0.6528890797351278,15.2064208984375,13.3858154296875,-8.60693359375,1.08447265625,1139.812255859375
2023-05-12,1139.812255859375,1147.9346923828125,1133.67431640625,1146.527099609375,6955341,1143.0197021484375,1131.0945556640625,0.16328182062589267,14.2603759765625,13.88885498046875,6.71484375,-4.8458251953125,1149.0885009765625
2023-05-15,1149.0885009765625,1155.849365234375,1141.3582763671875,1148.7884521484375,6833343,1146.702490234375,1136.0741455078125,0.19723498378999932,14.4910888671875,13.39273681640625,-0.300048828125,2.5614013671875,1150.9805908203125
2023-05-16,1150.9805908203125,1153.56494140625,1130.7437744140625,1132.4283447265625,8717229,1148.456201171875,1138.7416137695313,-1.424118373690013,22.8211669921875,14.85799560546875,-18.55224609375,2.192138671875,1136.674072265625
2023-05-17,1136.674072265625,1137.5970458984375,1120.983154296875,1125.736572265625,8798967,1145.9640869140626,1139.572314453125,-0.5909223742146179,16.6138916015625,15.0448974609375,-10.9375,4.2457275390625,1130.4669189453125
2023-05-18,1130.4669189453125,1133.9051513671875,1120.1292724609375,1123.313720703125,10525531,1141.4044677734375,1140.8829711914063,-0.21522366974574156,13.77587890625,14.6572509765625,-7.1531982421875,4.7303466796875,1123.313720703125
2023-05-19,1123.313720703125,1128.8055419921875,1116.298828125,1126.95947265625,8050447,1138.1047607421874,1140.5622314453126,0.32455331809202725,12.5067138671875,14.73802490234375,3.645751953125,0.0,1123.7520751953125
2023-05-22,1123.7520751953125,1138.05859375,1122.5291748046875,1132.9820556640625,7434906,1133.0374755859375,1139.8699829101563,0.534409901504021,15.5294189453125,14.4680419921875,9.22998046875,-3.2073974609375,1135.589599609375
2023-05-23,1135.589599609375,1138.9815673828125,1131.34375,1132.7744140625,6092034,1129.95927734375,1139.2077392578126,-0.018326998254248366,7.6378173828125,14.14498291015625,-2.815185546875,2.6075439453125,1128.782470703125
2023-05-24,1128.782470703125,1137.1356201171875,1123.0367431640625,1126.1749267578125,8112254,1128.38095703125,1137.1725219726563,-0.5825950182807871,14.098876953125,14.6941650390625,-2.6075439453125,-3.991943359375,1123.2445068359375
2023-05-25,1123.2445068359375,1130.213134765625,1115.0067138671875,1126.0364990234375,11487863,1126.936474609375,1134.1704711914062,-0.01229185014565409,15.2064208984375,14.6941650390625,2.7919921875,-2.930419921875,1134.3665771484375
2023-05-26,1134.3665771484375,1157.903076171875,1131.020751953125,1156.7493896484375,12626260,1129.1470458984375,1133.6259033203125,2.7275217678677337,26.88232421875,15.95635986328125,22.3828125,8.330078125,1163.4410400390625
2023-05-29,1163.4410400390625,1167.5946044921875,1157.0723876953125,1163.2564697265625,10010304,1137.0848388671875,1135.0611572265625,0.5625315333084074,10.522216796875,15.55947265625,-0.1845703125,6.691650390625,1163.2564697265625
2023-05-30,1163.2564697265625,1171.148193359375,1160.3720703125,1162.95654296875,11342504,1142.618212890625,1136.2887451171875,-0.025783373281646257,10.776123046875,14.35496826171875,-0.2999267578125,0.0,1153.7496337890625
2023-05-31,1153.7496337890625,1158.29541015625,1135.7510986328125,1139.8583984375,27107927,1147.6116455078125,1137.9963012695312,-1.9861571501447475,22.5443115234375,14.94801025390625,-13.8912353515625,-9.2069091796875,1144.5888671875
2023-06-01,1144.5888671875,1146.781005859375,1134.3665771484375,1136.7894287109375,14592692,1151.880517578125,1139.40849609375,-0.2692413137254062,12.4144287109375,14.811865234375,-7.7994384765625,4.73046875,1140.3660888671875
2023-06-02,1140.3660888671875,1145.8348388671875,1131.1361083984375,1133.0743408203125,15800644,1153.080419921875,1141.1137329101562,-0.32680528132969394,14.69873046875,15.03106689453125,-7.291748046875,3.57666015625,1138.6124267578125
2023-06-05,1138.6124267578125,1146.250244140625,1134.57421875,1143.25048828125,10908682,1148.114697265625,1142.5997680664063,0.8981006006693496,11.676025390625,14.6457275390625,4.6380615234375,5.5380859375,1146.11181640625
2023-06-06,1146.11181640625,1148.0731201171875,1136.212646484375,1144.2196044921875,7493309,1144.6857666015626,1143.6519897460937,0.08476849307053072,11.8604736328125,15.0679931640625,-1.8922119140625,2.861328125,1147.7501220703125
2023-06-07,1147.7501220703125,1153.7496337890625,1141.1044921875,1152.8958740234375,10312545,1143.4858642578124,1145.5487548828125,0.7582696098884434,12.6451416015625,14.92261962890625,5.145751953125,3.530517578125,1156.5185546875
2023-06-08,1156.5185546875,1161.52587890625,1149.5960693359375,1153.5880126953125,12071109,1145.8718017578126,1148.8761596679688,0.060034794769412925,11.9298095703125,14.59495849609375,-2.9305419921875,3.6226806640625,1156.9801025390625
2023-06-09,1156.9801025390625,1157.6954345703125,1143.5965576171875,1145.4195556640625,5877018,1149.1946044921874,1151.1375122070312,-0.708091358557439,14.098876953125,13.31661376953125,-11.560546875,3.39208984375,1142.44287109375
2023-06-12,1142.44287109375,1148.765380859375,1137.5970458984375,1146.434814453125,6391969,1149.960693359375,1149.0376953125,0.08863641135181238,11.1683349609375,13.3812255859375,3.991943359375,-2.9766845703125,1151.442138671875
2023-06-13,1151.442138671875,1164.57177734375,1147.4039306640625,1163.371826171875,11248016,1151.0267578125,1147.8562622070312,1.4773636935327485,17.1678466796875,14.02039794921875,11.9296875,5.00732421875,1163.4410400390625
2023-06-14,1163.4410400390625,1179.132080078125,1161.5950927734375,1177.6783447265625,13277380,1154.16494140625,1148.8254028320312,1.2297460049177669,17.5369873046875,13.51966552734375,14.2373046875,0.0692138671875,1177.6552734375
2023-06-15,1177.6552734375,1182.616455078125,1170.1328125,1178.00146484375,11813494,1158.39228515625,1152.1320434570312,0.027437043283879282,12.483642578125,13.5265869140625,0.34619140625,-0.0230712890625,1181.5318603515625
2023-06-16,1181.5318603515625,1191.7772216796875,1181.5318603515625,1189.4697265625,24171579,1163.30263671875,1156.2486206054687,0.9735354378588271,10.245361328125,13.08125,7.9378662109375,3.5303955078125,1192.515625
2023-06-19,1192.515625,1192.515625,1173.4326171875,1177.6552734375,6798554,1173.3171875,1161.6389404296874,-0.9932537887402229,19.0830078125,13.8219482421875,-14.8603515625,3.0458984375,1175.6939697265625
2023-06-20,1175.6939697265625,1183.2855224609375,1169.902099609375,1180.1011962890625,6921096,1178.1675537109375,1164.5971557617188,0.20769429787572796,13.3834228515625,13.9742431640625,4.4072265625,-1.9613037109375,1180.0550537109375
2023-06-21,1180.0550537109375,1185.9853515625,1175.901611328125,1183.424072265625,6961603,1181.4903564453125,1167.8276489257812,0.28157551123679825,10.083740234375,13.71810302734375,3.3690185546875,-0.046142578125,1179.5936279296875
2023-06-22,1179.5936279296875,1187.5775146484375,1168.517578125,1170.1328125,7619166,1181.87802734375,1170.13515625,-1.123118928971872,19.0599365234375,14.43111572265625,-9.4608154296875,-3.8304443359375,1167.0869140625
2023-06-23,1167.0869140625,1169.1636962890625,1159.28759765625,1160.5567626953125,6628570,1178.9890380859374,1171.1458374023437,-0.8183728977079258,9.8760986328125,14.008837890625,-6.5301513671875,-3.0458984375,1156.9801025390625
2023-06-26,1156.9801025390625,1160.856689453125,1148.53466796875,1151.6959228515625,12641159,1171.88193359375,1172.599560546875,-0.7634990487816654,12.322021484375,14.12420654296875,-5.2841796875,-3.57666015625,1152.157470703125
2023-06-27,1152.157470703125,1158.1337890625,1147.588623046875,1152.111328125,9689466,1167.1746337890625,1172.67109375,0.03606900616692032,10.545166015625,13.4619384765625,-0.046142578125,0.4615478515625,1159.7491455078125
2023-06-28,1159.7491455078125,1171.2174072265625,1152.75732421875,1167.3638916015625,11354006,1163.1134521484375,1172.301904296875,1.323879307860399,18.4600830078125,13.554248046875,7.61474609375,7.6378173828125,1175.1632080078125
2023-06-30,1175.1632080078125,1179.8935546875,1169.186767578125,1176.93994140625,11151555,1162.2273681640625,1172.0526977539062,0.8203140317754438,10.706787109375,13.3765625,1.7767333984375,7.79931640625,1180.5396728515625
2023-07-03,1180.5396728515625,1210.0526123046875,1179.2935791015625,1207.1451416015625,12154387,1164.917919921875,1171.9534790039063,2.566418143581927,30.759033203125,15.4279296875,26.60546875,3.5997314453125,1211.4371337890625
2023-07-04,1211.4371337890625,1211.4371337890625,1187.554443359375,1194.707763671875,8061643,1175.809326171875,1173.8456298828125,-1.0303133816358145,23.8826904296875,15.90789794921875,-16.7293701171875,4.2919921875,1204.0531005859375
2023-07-05,1204.0531005859375,1204.0531005859375,1188.7313232421875,1192.746337890625,10248062,1186.1884521484376,1176.68154296875,-0.16417619780268736,15.32177734375,16.1017333984375,-11.3067626953125,9.3453369140625,1188.8466796875
2023-07-06,1188.8466796875,1220.4132080078125,1188.8466796875,1217.78271484375,19117987,1192.007958984375,1177.5607055664063,2.099052930013761,31.5665283203125,18.25001220703125,28.93603515625,-3.899658203125,1216.0521240234375
2023-07-07,1216.0521240234375,1229.8740234375,1212.821533203125,1215.406005859375,13375267,1200.1857421875,1181.2065551757812,-0.19516691733302755,17.052490234375,18.049267578125,-0.6461181640625,-1.7305908203125,1240.9268798828125
2023-07-10,1240.9268798828125,1271.8935546875,1234.5120849609375,1262.22509765625,33240016,1212.26318359375,1188.5905517578126,3.8521359587795274,37.3814697265625,20.7998046875,21.2982177734375,25.5208740234375,1270.462890625
2023-07-11,1270.462890625,1278.3544921875,1263.4019775390625,1275.9085693359375,20069348,1224.0683349609376,1199.9388305664063,1.084075392344481,14.9525146484375,21.06285400390625,5.4456787109375,8.23779296875,1276.64697265625
2023-07-12,1276.64697265625,1293.12255859375,1274.5009765625,1277.316162109375,18733835,1238.587109375,1212.3877807617187,0.11032081822054844,18.62158203125,21.87049560546875,0.669189453125,0.7384033203125,1284.7694091796875
2023-07-13,1284.7694091796875,1291.738037109375,1263.240478515625,1265.89404296875,14682934,1257.7716552734375,1224.8898071289063,-0.8942280290075072,28.49755859375,22.8742431640625,-18.8753662109375,7.4532470703125,1269.12451171875
2023-07-14,1269.12451171875,1274.1549072265625,1257.6331787109375,1264.8326416015625,15124144,1268.3861328125,1234.2859375,-0.08384598798635012,16.521728515625,23.4557373046875,-4.2918701171875,3.23046875,1267.7401123046875
2023-07-17,1267.7401123046875,1299.1451416015625,1258.9715576171875,1290.6766357421875,22220040,1273.748779296875,1243.0059814453125,2.04327381272361,40.173583984375,24.3971923828125,22.9365234375,2.907470703125,1300.0450439453125
2023-07-18,1300.0450439453125,1309.482666015625,1288.968994140625,1301.63720703125,25867313,1279.6652099609375,1251.8667724609375,0.8492112575323532,20.513671875,24.06029052734375,1.5921630859375,9.368408203125,1306.0445556640625
2023-07-19,1306.0445556640625,1318.0435791015625,1290.8150634765625,1311.5133056640625,39122156,1285.5447265625,1262.06591796875,0.7587443397794169,27.228515625,25.25096435546875,5.46875,4.4073486328125,1290.0
2023-07-20,1290.0,1315.4749755859375,1290.0,1309.925048828125,38717624,1286.5908447265624,1272.18125,-0.12110108445551096,25.4749755859375,24.64180908203125,19.925048828125,-21.5133056640625,1304.5
2023-07-21,1304.5,1307.449951171875,1261.800048828125,1269.375,30249238,1293.6659423828125,1281.0260375976563,-3.0956006883295784,45.64990234375,27.50155029296875,-35.125,-5.425048828125,1240.5
2023-07-24,1240.5,1257.4749755859375,1234.6500244140625,1243.699951171875,23727866,1288.217919921875,1280.983349609375,-2.0226527880354506,22.824951171875,26.0458984375,3.199951171875,-28.875,1247.0
2023-07-25,1247.0,1252.5999755859375,1240.0,1242.9000244140625,12026020,1277.6089111328124,1278.637060546875,-0.06431830740676397,12.5999755859375,25.81064453125,-4.0999755859375,3.300048828125,1242.5
2023-07-26,1242.5,1273.5,1242.5,1263.0999755859375,12911012,1264.9,1275.22236328125,1.6252273533744452,31.0,27.048486328125,20.5999755859375,-0.4000244140625,1267.0250244140625
2023-07-27,1267.0250244140625,1268.824951171875,1245.175048828125,1251.3499755859375,17226898,1260.3050048828125,1273.4479248046875,-0.9302509878166462,23.64990234375,26.563720703125,-15.675048828125,3.925048828125,1256.0250244140625
2023-07-28,1256.0250244140625,1271.425048828125,1250.2750244140625,1263.925048828125,20827852,1250.610009765625,1272.1379760742188,1.004920564792379,21.1500244140625,27.02655029296875,7.9000244140625,4.675048828125,1263.925048828125
2023-07-31,1263.925048828125,1276.949951171875,1258.9749755859375,1274.625,8551174,1255.29501953125,1271.7564697265625,0.8465653229830113,17.9749755859375,24.806689453125,10.699951171875,0.0,1277.5
2023-08-01,1277.5,1279.5,1252.6500244140625,1256.5999755859375,9536632,1261.39501953125,1269.5019653320312,-1.414143329533196,26.8499755859375,25.44031982421875,-20.9000244140625,2.875,1254.5999755859375
2023-08-02,1254.5999755859375,1256.0,1231.800048828125,1243.175048828125,12748214,1263.8150146484375,1264.3575073242187,-1.068353256298021,24.199951171875,25.13746337890625,-11.4249267578125,-2.0,1237.6500244140625
2023-08-03,1237.6500244140625,1250.449951171875,1229.0250244140625,1237.949951171875,10168350,1257.9400146484375,1259.122509765625,-0.42030264854297245,21.4249267578125,24.73245849609375,0.2999267578125,-5.5250244140625,1249.4000244140625
2023-08-04,1249.4000244140625,1258.0,1235.800048828125,1254.7750244140625,22885610,1256.6150146484374,1253.6125122070312,1.3591077107972303,22.199951171875,22.38746337890625,5.375,11.4500732421875,1260.5
2023-08-07,1260.5,1264.199951171875,1252.5,1261.925048828125,5982870,1255.9300048828125,1255.6125122070312,0.5698252096945682,11.699951171875,21.27496337890625,1.425048828125,5.7249755859375,1264.0
2023-08-08,1264.0,1267.2249755859375,1249.7750244140625,1254.324951171875,9844072,1253.2300048828124,1257.3125122070312,-0.6022622075144447,17.449951171875,21.7599609375,-9.675048828125,2.074951171875,1252.425048828125
2023-08-09,1252.425048828125,1264.5,1240.550048828125,1262.5999755859375,11486586,1252.79501953125,1258.3050170898437,0.6597193499444792,23.949951171875,21.0549560546875,10.1749267578125,-1.89990234375,1262.4749755859375
2023-08-10,1262.4749755859375,1275.0,1254.2249755859375,1268.2249755859375,15470598,1257.760009765625,1257.8500122070313,0.44550927520726386,20.7750244140625,20.76746826171875,5.75,-0.125,1266.2249755859375
2023-08-11,1266.2249755859375,1279.425048828125,1256.175048828125,1273.574951171875,22179330,1261.125,1258.8700073242187,0.4218475182974328,23.25,20.9774658203125,7.3499755859375,-2.0,1269.5
2023-08-14,1269.5,1291.1500244140625,1262.5,1288.625,9575812,1262.925,1259.4275024414062,1.1817167740521872,28.6500244140625,22.044970703125,19.125,-4.074951171875,1275.5
2023-08-16,1275.5,1291.4000244140625,1275.5,1287.574951171875,10203112,1265.225,1259.2275024414062,-0.08148598918420798,15.9000244140625,20.9499755859375,12.074951171875,-13.125,1283.550048828125
2023-08-17,1283.550048828125,1289.050048828125,1266.425048828125,1269.0,13673744,1271.45,1262.122509765625,-1.442630672099451,22.625,20.79248046875,-14.550048828125,-4.02490234375,1265.625
2023-08-18,1265.625,1288.800048828125,1254.2750244140625,1278.4000244140625,18639978,1272.0800048828125,1264.9200073242187,0.7407426646227344,34.5250244140625,22.102490234375,12.7750244140625,-3.375,1269.9749755859375
2023-08-21,1269.9749755859375,1277.7249755859375,1257.824951171875,1260.0,9221746,1272.8300048828125,1266.9775024414062,-1.4393010061538372,19.9000244140625,21.87249755859375,-9.9749755859375,-8.425048828125,1258.449951171875
2023-08-22,1258.449951171875,1268.9749755859375,1249.5,1259.699951171875,7713044,1270.6199951171875,1266.7724975585938,-0.02381339905753968,19.4749755859375,22.65,1.25,-1.550048828125,1262.0999755859375
2023-08-23,1262.0999755859375,1271.425048828125,1258.4749755859375,1261.0999755859375,9517952,1267.939990234375,1266.5824951171876,0.11113951483129644,12.9500732421875,22.20001220703125,-1.0,2.4000244140625,1269.949951171875
2023-08-24,1269.949951171875,1269.949951171875,1235.5,1239.9000244140625,14140020,1265.219970703125,1268.3349853515624,-1.681068240606776,34.449951171875,23.25001220703125,-30.0499267578125,8.8499755859375,1228.0
2023-08-25,1228.0,1252.5,1221.300048828125,1234.175048828125,22222400,1257.694970703125,1264.8874877929688,-0.4617288066143028,31.199951171875,24.2925048828125,6.175048828125,-11.9000244140625,1236.0
2023-08-28,1236.0,1242.0,1215.550048828125,1221.875,12580826,1250.8999755859375,1261.864990234375,-0.9966210903229775,26.449951171875,24.6125,-14.125,1.824951171875,1226.0250244140625
2023-08-29,1226.0250244140625,1226.7249755859375,1204.074951171875,1210.175048828125,16876644,1244.414990234375,1257.5174926757813,-0.9575407608695652,22.6500244140625,24.0125,-15.8499755859375,4.1500244140625,1216.0
2023-08-30,1216.0,1221.5,1207.5,1209.0250244140625,12168946,1235.1949951171875,1251.5674926757813,-0.09502959222106984,14.0,23.82249755859375,-6.9749755859375,5.824951171875,1211.5
2023-08-31,1211.5,1212.5,1199.949951171875,1203.5,21638600,1223.5050048828125,1244.3624877929688,-0.4569818078612664,12.550048828125,22.81500244140625,-8.0,2.4749755859375,1203.2750244140625
2023-09-01,1203.2750244140625,1212.824951171875,1200.824951171875,1206.324951171875,18112842,1218.560009765625,1238.127490234375,0.23472797439759038,12.0,20.5625,3.0499267578125,-0.2249755859375,1206.324951171875
2023-09-04,1206.324951171875,1211.824951171875,1202.6500244140625,1205.3499755859375,9347626,1212.625,1231.7624877929688,-0.08082196965173999,9.1749267578125,19.489990234375,-0.9749755859375,0.0,1210.0
2023-09-05,1210.0,1216.9749755859375,1206.2249755859375,1211.800048828125,8675876,1209.4199951171875,1226.9174926757812,0.5351203694223355,10.75,18.61749267578125,1.800048828125,4.6500244140625,1210.550048828125
2023-09-06,1210.550048828125,1218.074951171875,1208.625,1214.3499755859375,8200370,1208.3300048828125,1221.7625,0.2104247115915216,9.449951171875,18.26748046875,3.7999267578125,-1.25,1210.8499755859375
2023-09-07,1210.8499755859375,1219.125,1205.5,1216.0,13652572,1208.2,1215.8525024414062,0.13587717274555425,13.625,16.1849853515625,5.1500244140625,-3.5,1220.0
2023-09-08,1220.0,1228.0,1211.4749755859375,1224.0999755859375,23109288,1211.5449951171875,1215.0525024414062,0.6661164133172286,16.5250244140625,14.71749267578125,4.0999755859375,4.0,1226.0
2023-09-11,1226.0,1238.425048828125,1226.0,1237.300048828125,13271074,1215.4800048828124,1214.0525024414062,1.0783492774655965,12.425048828125,13.31500244140625,11.300048828125,1.9000244140625,1241.5
2023-09-12,1241.5,1241.5,1217.9749755859375,1219.425048828125,16255666,1221.7800048828126,1215.6,-1.4446778707339274,23.5250244140625,13.40250244140625,-22.074951171875,4.199951171875,1220.0
2023-09-13,1220.0,1231.324951171875,1213.125,1225.5250244140625,12803338,1223.6699951171875,1216.0,0.5002337447307331,18.199951171875,13.82249755859375,5.5250244140625,0.574951171875,1230.0
2023-09-14,1230.0,1232.9000244140625,1222.5,1226.6500244140625,9209636,1227.5,1217.85,0.09179739112531589,10.4000244140625,13.6074951171875,-3.3499755859375,4.4749755859375,1234.0
2023-09-15,1234.0,1234.0,1224.75,1228.925048828125,25468592,1230.3,1220.9224975585937,0.18546646303204678,9.25,13.3324951171875,-5.074951171875,7.3499755859375,1220.0250244140625
2023-09-18,1220.0250244140625,1225.5,1216.0250244140625,1218.2249755859375,7516300,1229.1050048828124,1222.2925048828124,-0.870685584315402,9.4749755859375,13.3625,-1.800048828125,-8.9000244140625,1211.5250244140625
2023-09-20,1211.5250244140625,1213.800048828125,1177.5,1191.074951171875,57081884,1223.110009765625,1222.4450073242188,-2.228654391279737,36.300048828125,15.9175048828125,-20.4500732421875,-6.699951171875,1187.4749755859375
2023-09-21,1187.4749755859375,1195.050048828125,1180.0,1182.4000244140625,12226182,1216.6050048828124,1220.1375,-0.7283275287820814,15.050048828125,16.4775146484375,-5.074951171875,-3.5999755859375,1188.0
2023-09-22,1188.0,1191.2249755859375,1175.0,1177.4749755859375,19176786,1208.2050048828125,1217.8525024414062,-0.4165298313965787,16.2249755859375,16.73751220703125,-10.5250244140625,5.5999755859375,1175.199951171875
2023-09-25,1175.199951171875,1180.3499755859375,1167.550048828125,1170.2249755859375,14254884,1196.4449951171875,1213.3724975585938,-0.6157243381238093,12.7999267578125,16.36500244140625,-4.9749755859375,-2.2750244140625,1169.2750244140625
2023-09-26,1169.2750244140625,1175.0999755859375,1167.800048828125,1171.25,10087782,1186.2949951171875,1207.7,0.0875920814755526,7.2999267578125,15.852490234375,1.9749755859375,-0.949951171875,1171.75
2023-09-27,1171.75,1185.9000244140625,1169.25,1184.449951171875,11722778,1178.339990234375,1200.725,1.1269968983457845,16.6500244140625,15.164990234375,12.699951171875,0.5,1191.5
2023-09-28,1191.5,1191.5,1162.5,1167.050048828125,14518346,1179.1449951171876,1197.875,-1.4690280772551705,29.0,16.2449951171875,-24.449951171875,7.050048828125,1170.9000244140625
2023-09-29,1170.9000244140625,1184.550048828125,1167.050048828125,1172.5,12342014,1175.725,1191.9650024414063,0.4669852143314233,17.5,16.95499267578125,1.5999755859375,3.8499755859375,1164.9749755859375
2023-10-03,1164.9749755859375,1167.800048828125,1158.0,1159.074951171875,8859056,1173.6800048828125,1185.0625,-1.1449935034648189,9.800048828125,17.00999755859375,-5.9000244140625,-7.5250244140625,1154.5
2023-10-04,1154.5,1159.5,1147.550048828125,1157.074951171875,10286386,1170.725,1178.5099975585938,-0.17255139522926566,11.949951171875,17.2574951171875,2.574951171875,-4.574951171875,1159.625
2023-10-05,1159.625,1164.699951171875,1154.5,1157.050048828125,10953682,1168.3,1173.3199951171875,-0.002152180697091328,10.199951171875,14.6474853515625,-2.574951171875,2.550048828125,1158.5250244140625
2023-10-06,1158.5250244140625,1162.4000244140625,1156.0250244140625,1159.0,5431026,1161.7050048828125,1170.425,0.16852781552966833,6.375,13.77998046875,0.4749755859375,1.4749755859375,1154.050048828125
2023-10-09,1154.050048828125,1155.9749755859375,1147.5,1149.125,7576878,1158.335009765625,1167.0300048828126,-0.8520276100086281,8.4749755859375,13.00498046875,-4.925048828125,-4.949951171875,1153.2750244140625
2023-10-10,1153.2750244140625,1158.949951171875,1151.875,1154.199951171875,10236032,1155.99501953125,1164.8375122070313,0.44163612939192864,7.074951171875,12.43248291015625,0.9249267578125,4.1500244140625,1157.2249755859375
2023-10-11,1157.2249755859375,1174.8499755859375,1156.5,1172.5250244140625,9814118,1156.5400146484376,1163.6325073242188,1.5876861910782272,18.3499755859375,13.53748779296875,15.300048828125,3.0250244140625,1171.925048828125
2023-10-12,1171.925048828125,1179.675048828125,1169.074951171875,1174.699951171875,12554450,1159.0000244140624,1163.6500122070313,0.18549086053829517,10.60009765625,12.9324951171875,2.77490234375,-0.5999755859375,1170.0
2023-10-13,1170.0,1178.75,1164.574951171875,1174.6500244140625,10150316,1161.29501953125,1161.5000122070312,-0.004250171097963639,14.175048828125,11.45,4.6500244140625,-4.699951171875,1172.5
2023-10-16,1172.5,1177.2750244140625,1168.0,1172.0250244140625,5929036,1164.985009765625,1161.660009765625,-0.22347081645100203,9.2750244140625,10.62750244140625,-0.4749755859375,-2.1500244140625,1178.0
2023-10-17,1178.0,1179.8499755859375,1170.6500244140625,1177.625,7928180,1169.9300048828125,1162.9625122070313,0.4778034145420341,9.199951171875,10.56749267578125,-0.375,5.9749755859375,1177.625
2023-10-18,1177.625,1183.5,1160.5,1162.0,8918320,1174.010009765625,1165.2750122070313,-1.3268230548774014,23.0,11.67249755859375,-15.625,0.0,1156.0
2023-10-19,1156.0,1160.9000244140625,1150.5,1153.074951171875,12032556,1170.825,1164.9125122070313,-0.7680764912327883,10.4000244140625,11.6925048828125,-2.925048828125,-6.0,1150.0
2023-10-20,1150.0,1157.3499755859375,1148.1500244140625,1149.550048828125,8913312,1166.825,1164.060009765625,-0.30569585612519173,9.199951171875,11.975,-0.449951171875,-3.074951171875,1145.0
2023-10-23,1145.0,1153.125,1127.625,1131.5999755859375,7853962,1161.325,1163.1550048828126,-1.561486884410659,25.5,13.67750244140625,-13.4000244140625,-4.550048828125,1125.0250244140625
2023-10-25,1125.0250244140625,1140.5999755859375,1121.5,1128.9749755859375,11620688,1150.7300048828124,1160.3300048828125,-0.2319724334246991,19.0999755859375,14.8800048828125,3.949951171875,-6.574951171875,1125.5
2023-10-26,1125.5,1129.0,1110.1500244140625,1113.25,15222534,1140.3050048828125,1157.1575073242188,-1.3928542196230917,18.8499755859375,14.9300048828125,-12.25,-3.4749755859375,1120.0
2023-10-27,1120.0,1136.75,1117.9749755859375,1132.9000244140625,11771084,1133.1050048828124,1151.9650024414063,1.7651043713507748,18.7750244140625,15.74749755859375,12.9000244140625,6.75,1137.0
2023-10-30,1137.0,1162.5,1134.9749755859375,1156.25,16813304,1130.5050048828125,1148.6650024414062,2.0610799790576526,27.5250244140625,17.0824951171875,19.25,4.0999755859375,1164.0
2023-10-31,1164.0,1164.0,1141.449951171875,1143.949951171875,12808438,1134.3050048828125,1147.8150024414062,-1.0637880067567567,22.550048828125,18.40999755859375,-20.050048828125,7.75,1144.574951171875
2023-11-01,1144.574951171875,1158.75,1137.5999755859375,1148.699951171875,10309190,1138.214990234375,1144.4724975585937,0.41522795600752005,21.1500244140625,19.6050048828125,4.125,0.625,1156.9749755859375
2023-11-02,1156.9749755859375,1162.1500244140625,1153.9749755859375,1160.0999755859375,10562104,1144.5099853515626,1142.4074951171874,0.9924283884954012,8.175048828125,18.122509765625,3.125,8.2750244140625,1163.5999755859375
2023-11-03,1163.5999755859375,1167.4749755859375,1157.875,1159.8499755859375,8850156,1153.22998046875,1143.1674926757812,-0.02154986684434083,9.5999755859375,18.0425048828125,-3.75,3.5,1166.1500244140625
2023-11-06,1166.1500244140625,1170.0,1162.800048828125,1169.5,10647304,1159.0599853515625,1144.7824951171874,0.8320062609121031,7.199951171875,17.8425048828125,3.3499755859375,6.300048828125,1167.0250244140625
2023-11-07,1167.0250244140625,1169.550048828125,1159.7750244140625,1161.9000244140625,6960204,1159.664990234375,1146.9849975585937,-0.6498482758390337,9.7750244140625,16.27000732421875,-5.125,-2.4749755859375,1166.0
2023-11-08,1166.0,1170.5,1160.875,1167.949951171875,7884494,1163.95,1151.0824951171876,0.5206925407255614,9.625,15.322509765625,1.949951171875,4.0999755859375,1167.925048828125
2023-11-09,1167.925048828125,1167.949951171875,1152.0999755859375,1155.2750244140625,14513610,1166.1400146484375,1155.325,-1.0852285875002587,15.8499755859375,15.022509765625,-12.6500244140625,-0.02490234375,1152.7750244140625
2023-11-10,1152.7750244140625,1158.175048828125,1149.0250244140625,1157.449951171875,7734954,1163.9750244140625,1158.6025024414062,0.1882605190842405,9.1500244140625,14.060009765625,4.6749267578125,-2.5,1161.449951171875
2023-11-13,1161.449951171875,1162.300048828125,1155.8499755859375,1157.300048828125,3854810,1163.035009765625,1161.0474975585937,-0.012951086446392734,6.4500732421875,11.9525146484375,-4.14990234375,4.0,1170.0
2023-11-15,1170.0,1180.9749755859375,1163.5,1178.2249755859375,12220648,1163.6300048828125,1161.6474975585938,1.8080813855491455,17.4749755859375,11.44500732421875,8.2249755859375,12.699951171875,1175.550048828125
2023-11-16,1175.550048828125,1187.074951171875,1173.4749755859375,1180.3499755859375,13134910,1165.5400146484376,1164.7450073242187,0.18035604778647865,13.5999755859375,10.69000244140625,4.7999267578125,-2.6749267578125,1176.449951171875
2023-11-17,1176.449951171875,1186.625,1176.0250244140625,1177.7750244140625,7758634,1167.2449951171875,1166.6925048828125,-0.21815149956662377,10.5999755859375,10.9324951171875,1.3250732421875,-3.9000244140625,1174.2750244140625
2023-11-20,1174.2750244140625,1179.199951171875,1168.199951171875,1174.675048828125,4490186,1171.5449951171875,1167.760009765625,-0.26320608959081326,11.0,11.07249755859375,0.4000244140625,-3.5,1183.0
2023-11-21,1183.0,1194.0,1180.0999755859375,1189.449951171875,8214450,1175.8550048828124,1169.4450073242188,1.2577863434223517,13.9000244140625,11.7425048828125,6.449951171875,8.324951171875,1187.5
2023-11-22,1187.5,1197.2249755859375,1186.0999755859375,1194.0999755859375,8534814,1179.3550048828124,1171.4925048828125,0.39093905628237513,11.125,11.87750244140625,6.5999755859375,-1.949951171875,1194.0999755859375
2023-11-23,1194.0999755859375,1200.0,1194.0999755859375,1197.75,8531542,1183.064990234375,1174.3025024414062,0.30567159272166095,5.9000244140625,11.5050048828125,3.6500244140625,0.0,1195.800048828125
2023-11-24,1195.800048828125,1201.300048828125,1195.5250244140625,1196.949951171875,6749486,1186.935009765625,1177.0900024414063,-0.06679597813608851,5.7750244140625,10.497509765625,1.14990234375,-1.949951171875,1196.949951171875
2023-11-28,1196.949951171875,1199.8499755859375,1187.625,1197.199951171875,13792174,1191.4699951171874,1181.5074951171875,0.020886420501979825,12.2249755859375,10.8050048828125,0.25,0.0,1204.0
2023-11-29,1204.0,1205.9749755859375,1199.0250244140625,1200.3499755859375,12531306,1195.6699951171875,1185.7625,0.26311598250393425,6.949951171875,10.85499267578125,-3.6500244140625,6.800048828125,1197.3499755859375
2023-11-30,1197.3499755859375,1200.3499755859375,1184.949951171875,1188.7249755859375,28439984,1197.639990234375,1188.4974975585938,-0.9684675500014389,15.4000244140625,10.64749755859375,-8.625,-3.0,1189.0
2023-12-01,1189.0,1198.199951171875,1188.800048828125,1197.1500244140625,14342842,1196.6199951171875,1189.8424926757812,0.7087466824672534,9.39990234375,10.227490234375,8.1500244140625,0.2750244140625,1225.0
2023-12-04,1225.0,1225.0,1199.300048828125,1210.0999755859375,15590990,1202.4599853515624,1194.6974975585938,1.0817316884083323,25.699951171875,11.73748779296875,-14.9000244140625,27.8499755859375,1219.5
2023-12-05,1219.5,1220.425048828125,1210.824951171875,1218.875,12693624,1206.9699951171874,1199.2199951171874,0.7251487142468193,9.60009765625,11.59749755859375,-0.625,9.4000244140625,1223.550048828125
2023-12-06,1223.550048828125,1236.4749755859375,1217.5,1230.550048828125,16422442,1210.8800048828125,1203.275,0.9578544828735513,18.9749755859375,12.10499267578125,7.0,4.675048828125,1230.0
2023-12-07,1230.0,1230.4749755859375,1221.0,1228.5250244140625,8142096,1217.410009765625,1207.525,-0.1645625398163177,9.4749755859375,11.939990234375,-1.4749755859375,-0.550048828125,1231.925048828125
2023-12-08,1231.925048828125,1238.3499755859375,1222.5,1227.875,10204894,1225.99501953125,1211.3075073242187,-0.052910962426062524,15.8499755859375,12.9349853515625,-4.050048828125,3.4000244140625,1228.0
2023-12-11,1228.0,1233.800048828125,1226.199951171875,1229.675048828125,7066138,1226.59501953125,1214.5275024414063,0.14659870329838134,7.60009765625,13.11749267578125,1.675048828125,0.125,1230.0
2023-12-12,1230.0,1232.4749755859375,1210.074951171875,1212.0250244140625,9197124,1228.69501953125,1217.8325073242188,-1.435340534142162,22.4000244140625,14.13499755859375,-17.9749755859375,0.324951171875,1211.0
2023-12-13,1211.0,1219.175048828125,1203.1500244140625,1216.9749755859375,10031182,1226.185009765625,1218.5325073242188,0.4084033804721143,16.0250244140625,15.0425048828125,5.9749755859375,-1.0250244140625,1227.0
2023-12-14,1227.0,1237.4749755859375,1221.324951171875,1232.074951171875,16972354,1225.585009765625,1221.497509765625,1.240779464562721,16.1500244140625,15.1175048828125,5.074951171875,10.0250244140625,1239.0
2023-12-15,1239.0,1250.0,1235.0250244140625,1247.800048828125,15932152,1227.0,1226.497509765625,1.2763101499055103,14.9749755859375,15.67501220703125,8.800048828125,6.925048828125,1247.800048828125
2023-12-18,1247.800048828125,1267.449951171875,1245.4749755859375,1260.5,14165188,1230.960009765625,1228.7775146484375,1.0177873597458338,21.9749755859375,15.3025146484375,12.699951171875,0.0,1277.5
2023-12-19,1277.5,1286.949951171875,1262.5999755859375,1279.050048828125,16820604,1240.460009765625,1234.5775146484375,1.4716421125049584,24.3499755859375,16.77750244140625,1.550048828125,17.0,1285.5250244140625
2023-12-20,1285.5250244140625,1299.425048828125,1260.0,1263.574951171875,17736722,1255.3650146484374,1240.7750122070313,-1.2098899234184306,39.425048828125,18.822509765625,-21.9500732421875,6.4749755859375,1263.5
2023-12-21,1263.5,1286.75,1259.125,1281.2750244140625,13765454,1262.6650146484376,1244.1250122070312,1.4007932988677843,27.625,20.63751220703125,17.7750244140625,-0.074951171875,1279.800048828125
2023-12-22,1279.800048828125,1290.449951171875,1273.824951171875,1282.5250244140625,16541784,1270.8250244140625,1248.9125122070313,0.09755907015916705,16.625,20.7150146484375,2.7249755859375,-1.4749755859375,1284.0
2023-12-26,1284.0,1295.9749755859375,1281.3499755859375,1289.0250244140625,7465664,1278.0650146484375,1254.5125122070312,0.506812723047615,14.625,21.4175048828125,5.0250244140625,1.4749755859375,1291.0
2023-12-27,1291.0,1299.949951171875,1286.550048828125,1293.425048828125,9204156,1280.7650146484375,1260.6125122070312,0.34134515084860895,13.39990234375,20.51749267578125,2.425048828125,1.9749755859375,1294.9000244140625
2023-12-28,1294.9000244140625,1306.0,1293.425048828125,1302.7750244140625,12302636,1282.6400146484375,1269.0025146484375,0.7228849939475664,12.574951171875,20.1724853515625,7.875,1.4749755859375,1305.550048828125
2023-12-29,1305.550048828125,1307.0,1289.6500244140625,1292.4749755859375,10864584,1291.0500244140626,1276.85751953125,-0.7906237558367042,17.3499755859375,20.29248046875,-13.0750732421875,2.7750244140625,1290.2750244140625
2024-01-01,1290.2750244140625,1303.425048828125,1286.574951171875,1295.125,4030540,1293.14501953125,1281.9850219726563,0.20503487217314395,16.85009765625,20.47999267578125,4.8499755859375,-2.199951171875,1292.5
2024-01-02,1292.5,1307.5,1286.5,1305.8499755859375,7448800,1294.84501953125,1286.4550170898438,0.8281035101582859,21.0,20.3824951171875,13.3499755859375,-2.625,1305.0
2024-01-03,1305.0,1317.0,1288.5999755859375,1291.6500244140625,9037536,1297.64501953125,1289.2050170898438,-1.0874106089792936,28.4000244140625,20.7875,-13.3499755859375,-0.8499755859375,1294.0
2024-01-04,1294.0,1304.925048828125,1289.550048828125,1298.324951171875,9612778,1297.4650146484375,1290.0525146484374,0.5167751814846657,15.375,18.3824951171875,4.324951171875,2.3499755859375,1301.449951171875
2024-01-05,1301.449951171875,1309.925048828125,1299.0,1303.8499755859375,8086406,1296.6449951171876,1293.847509765625,0.42555019905267816,10.925048828125,16.7125,2.4000244140625,3.125,1305.0
2024-01-08,1305.0,1315.9749755859375,1284.4749755859375,1293.675048828125,7734652,1299.589990234375,1296.3675048828125,-0.7803755760504568,31.5,18.2,-11.324951171875,1.1500244140625,1300.0
2024-01-09,1300.0,1303.4000244140625,1288.5999755859375,1290.25,5403074,1301.089990234375,1297.9675048828126,-0.2647534117031614,14.800048828125,18.2175048828125,-9.75,6.324951171875,1288.5
2024-01-10,1288.5,1329.5,1287.5250244140625,1325.050048828125,11102740,1297.789990234375,1297.7175048828126,2.697155499176516,41.9749755859375,21.07501220703125,36.550048828125,-1.75,1329.5
2024-01-11,1329.5,1362.5,1328.5,1359.9000244140625,23725852,1304.889990234375,1301.1775024414062,2.6300874911675103,34.0,23.21751708984375,30.4000244140625,4.449951171875,1359.9000244140625
2024-01-12,1359.9000244140625,1373.324951171875,1345.75,1370.7249755859375,15012164,1316.5800048828125,1306.6125,0.7960108079664993,27.574951171875,24.2400146484375,10.824951171875,0.0,1375.0
2024-01-15,1375.0,1396.449951171875,1366.0,1394.125,8610594,1330.5800048828125,1315.0849975585938,1.7071276026075035,30.449951171875,25.6,19.125,4.2750244140625,1389.9749755859375
2024-01-16,1389.9749755859375,1396.300048828125,1370.5,1374.625,9069024,1348.575,1324.8324951171876,-1.398726799964135,25.800048828125,26.0800048828125,-15.3499755859375,-4.1500244140625,1359.5
2024-01-17,1359.5,1386.2750244140625,1355.0250244140625,1361.574951171875,12197382,1362.775,1330.2824951171874,-0.9493533747840319,31.25,26.36500244140625,2.074951171875,-15.125,1351.4000244140625
2024-01-18,1351.4000244140625,1371.0,1351.25,1367.949951171875,10279438,1367.1550048828126,1336.0224975585938,0.4682077908757935,19.75,26.80250244140625,16.5499267578125,-10.1749267578125,1376.0
2024-01-19,1376.0,1376.0,1359.0,1367.449951171875,10422704,1370.375,1343.4775024414062,-0.03655104483695967,17.0,27.40999755859375,-8.550048828125,8.050048828125,1371.75
2024-01-23,1371.75,1371.75,1322.550048828125,1328.574951171875,20055420,1369.725,1350.1525024414063,-2.842882839454926,49.199951171875,29.17999267578125,-43.175048828125,4.300048828125,1335.2249755859375
2024-01-24,1335.2249755859375,1349.5,1323.925048828125,1343.875,21919128,1358.775,1353.675,1.1516135250502448,25.574951171875,30.25748291015625,8.6500244140625,6.6500244140625,1342.949951171875
2024-01-25,1342.949951171875,1364.1500244140625,1335.199951171875,1353.074951171875,11808872,1355.464990234375,1359.1199951171875,0.6845838468514557,28.9500732421875,28.95499267578125,10.125,-0.925048828125,1364.5
2024-01-29,1364.5,1452.5,1360.175048828125,1448.050048828125,23893438,1358.0849853515624,1362.6199951171875,7.019204484865653,92.324951171875,34.78748779296875,83.550048828125,11.425048828125,1459.949951171875
2024-01-30,1459.949951171875,1459.9749755859375,1404.425048828125,1407.625,14093978,1374.8749755859376,1372.6249877929688,-2.7916886478364544,55.5499267578125,37.5849853515625,-52.324951171875,11.89990234375,1404.0
2024-01-31,1404.0,1434.25,1402.5,1426.625,15130226,1381.3249755859374,1375.5249877929687,1.3497913151585117,31.75,37.714990234375,22.625,-3.625,1435.0
2024-02-01,1435.0,1443.3499755859375,1418.050048828125,1426.6500244140625,13349362,1401.27998046875,1380.027490234375,0.0017540989441864538,25.2999267578125,37.66497802734375,-8.3499755859375,8.375,1433.175048828125
2024-02-02,1433.175048828125,1474.9000244140625,1433.175048828125,1457.699951171875,19652588,1419.325,1387.3949951171876,2.1764221236084142,41.7249755859375,38.7124755859375,24.52490234375,6.5250244140625,1460.75
2024-02-05,1460.75,1470.5,1431.5250244140625,1439.0250244140625,8814432,1438.575,1398.3299926757813,-1.281122822484788,38.9749755859375,40.63497314453125,-21.7249755859375,3.050048828125,1441.8499755859375
2024-02-06,1441.8499755859375,1441.8499755859375,1419.824951171875,1427.800048828125,9047984,1434.9550048828125,1404.914990234375,-0.7800403325514126,22.0250244140625,41.1374755859375,-14.0499267578125,2.824951171875,1435.925048828125
2024-02-07,1435.925048828125,1449.5,1429.25,1442.1500244140625,9296568,1441.3400146484375,1411.3324951171876,1.0050409787921861,20.25,38.24248046875,6.2249755859375,8.125,1450.0
2024-02-08,1450.0,1459.4749755859375,1427.5250244140625,1450.125,14694634,1444.3400146484375,1422.8099975585938,0.5529920917331529,31.949951171875,38.87998046875,0.125,7.8499755859375,1454.0
2024-02-09,1454.0,1471.9749755859375,1450.949951171875,1460.75,12556798,1448.5050048828125,1433.9150024414062,0.7326954572881649,21.0250244140625,38.0874755859375,6.75,3.875,1460.75
2024-02-12,1460.75,1461.0,1442.3499755859375,1452.3499755859375,6674430,1448.5050048828125,1443.5400024414062,-0.5750487362014376,18.6500244140625,30.71998291015625,-8.4000244140625,0.0,1455.5
2024-02-13,1455.5,1479.0,1454.0,1465.0999755859375,7715594,1451.235009765625,1443.0950073242188,0.8778875762955225,25.0,27.664990234375,9.5999755859375,3.1500244140625,1457.5
2024-02-14,1457.5,1483.6500244140625,1457.5,1481.375,7117888,1455.55,1448.4450073242188,1.110847360949114,26.1500244140625,27.10499267578125,23.875,-7.5999755859375,1483.3499755859375
2024-02-15,1483.3499755859375,1484.7249755859375,1466.5250244140625,1470.5999755859375,10006782,1462.2199951171874,1453.2800048828126,-0.727366427411189,18.199951171875,26.3949951171875,-12.75,1.9749755859375,1476.4749755859375
2024-02-16,1476.4749755859375,1477.0,1458.550048828125,1460.574951171875,9767498,1466.714990234375,1457.6099975585937,-0.6816962179037291,18.449951171875,24.06749267578125,-15.9000244140625,5.875,1462.050048828125
2024-02-19,1462.050048828125,1479.5,1453.5250244140625,1474.0,6729828,1466.975,1457.7400024414062,0.919161924374615,25.9749755859375,22.76749267578125,11.949951171875,1.47509765625,1475.0250244140625
2024-02-20,1475.0250244140625,1475.5,1461.800048828125,1471.0250244140625,7117496,1470.8800048828125,1461.0575073242187,-0.20183009402561058,13.699951171875,21.9349853515625,-4.0,1.0250244140625,1474.0
2024-02-21,1474.0,1488.5250244140625,1457.550048828125,1467.699951171875,12720292,1474.1800048828125,1464.8650024414062,-0.22603784347665604,30.9749755859375,23.00748291015625,-6.300048828125,2.9749755859375,1468.1500244140625
2024-02-22,1468.1500244140625,1484.949951171875,1458.0,1481.75,18493728,1471.1400146484375,1466.6800048828125,0.9572834568064702,26.949951171875,22.50748291015625,13.5999755859375,0.4500732421875,1489.5
2024-02-23,1489.5,1497.550048828125,1483.3499755859375,1493.625,14438584,1473.74501953125,1470.2300048828124,0.8014172431246837,14.2000732421875,21.82498779296875,4.125,7.75,1493.550048828125
2024-02-26,1493.550048828125,1494.5250244140625,1482.5,1487.324951171875,7513106,1480.04501953125,1473.510009765625,-0.42179588773119087,12.0250244140625,21.16248779296875,-6.22509765625,-0.074951171875,1483.0250244140625
2024-02-27,1483.0250244140625,1499.949951171875,1478.050048828125,1485.6500244140625,10826044,1481.64501953125,1476.2625122070312,-0.11261337050069739,21.89990234375,20.85247802734375,2.625,-4.2999267578125,1483.0
2024-02-28,1483.0,1491.2750244140625,1450.175048828125,1455.625,8647950,1483.44501953125,1478.8125122070312,-2.0210025188068306,41.0999755859375,22.34747314453125,-27.375,-2.6500244140625,1465.0
2024-02-29,1465.0,1478.9749755859375,1454.5250244140625,1460.800048828125,23628976,1482.8150146484375,1476.9775146484376,0.35552074388149424,24.449951171875,22.97247314453125,-4.199951171875,9.375,1463.5
2024-03-01,1463.5,1500.0,1462.5,1492.125,12132926,1477.6150146484374,1475.6800170898437,2.144369532093344,37.5,24.87747802734375,28.625,2.699951171875,1490.4749755859375
2024-03-04,1490.4749755859375,1512.449951171875,1487.2249755859375,1507.4000244140625,10024420,1477.0,1478.522509765625,1.0237094354737373,25.2249755859375,24.80247802734375,16.925048828125,-1.6500244140625,1505.7750244140625
2024-03-05,1505.7750244140625,1507.4000244140625,1486.050048828125,1500.199951171875,7107668,1481.55,1481.597509765625,-0.4776484758905468,21.3499755859375,25.56748046875,-5.5750732421875,-1.625,1493.449951171875
2024-03-06,1493.449951171875,1509.0,1478.5,1503.0,7805676,1483.639990234375,1483.5425048828124,0.18664504194509227,30.5,25.51998291015625,9.550048828125,-6.75,1502.9749755859375
2024-03-07,1502.9749755859375,1503.0999755859375,1475.550048828125,1478.925048828125,8315726,1491.2349853515625,1487.025,-1.6017931584747174,27.5499267578125,25.57998046875,-24.0499267578125,-0.0250244140625,1489.0
2024-03-11,1489.0,1489.0,1463.5,1466.5999755859375,11277130,1496.3349853515624,1486.975,-0.833380518637755,25.5,26.70997314453125,-22.4000244140625,10.074951171875,1466.5999755859375
2024-03-12,1466.5999755859375,1488.0,1465.0250244140625,1475.425048828125,9432678,1491.5599853515625,1484.2799926757812,0.6017369009338555,22.9749755859375,27.80496826171875,8.8250732421875,0.0,1479.7750244140625
2024-03-13,1479.7750244140625,1483.0999755859375,1427.7750244140625,1432.175048828125,13522134,1486.3599853515625,1483.9549926757813,-2.9313586640237577,55.324951171875,31.14747314453125,-47.5999755859375,4.3499755859375,1439.699951171875
2024-03-14,1439.699951171875,1448.5250244140625,1425.5,1431.4749755859375,18571102,1475.6099853515625,1479.6249877929688,-0.04888182088916671,23.0250244140625,29.33997802734375,-8.2249755859375,7.52490234375,1425.949951171875
2024-03-15,1425.949951171875,1433.2249755859375,1412.9000244140625,1418.2249755859375,19223818,1460.20498046875,1475.7199829101562,-0.9256186958194259,20.324951171875,28.92747802734375,-7.7249755859375,-5.5250244140625,1420.0
2024-03-18,1420.0,1441.7249755859375,1416.5250244140625,1439.4749755859375,9169392,1446.40498046875,1471.3699829101563,1.4983518387991013,25.199951171875,27.69747314453125,19.4749755859375,1.7750244140625,1428.75
2024-03-19,1428.75,1437.5999755859375,1417.25,1425.25,8275764,1438.8349853515624,1465.1974853515626,-0.9882058269298659,20.3499755859375,27.20997314453125,-3.5,-10.7249755859375,1427.949951171875
2024-03-20,1427.949951171875,1445.0,1424.0250244140625,1443.75,8488806,1428.469970703125,1457.4149780273438,1.2980178915979654,20.9749755859375,27.17247314453125,15.800048828125,2.699951171875,1452.5250244140625
2024-03-21,1452.5250244140625,1457.9000244140625,1444.675048828125,1450.9749755859375,13006936,1431.0349853515625,1453.3224853515626,0.5004312094155844,13.2249755859375,25.444970703125,-1.550048828125,8.7750244140625,1449.9749755859375
2024-03-22,1449.9749755859375,1460.0,1447.3499755859375,1455.0250244140625,19527608,1435.839990234375,1448.0224853515624,0.27912602879243287,12.6500244140625,23.95498046875,5.050048828125,-1.0,1445.0
2024-03-26,1445.0,1452.4000244140625,1439.0,1441.574951171875,11415906,1440.839990234375,1443.6224853515625,-0.9243877607949619,13.4000244140625,22.74498291015625,-3.425048828125,-10.0250244140625,1448.0
2024-03-27,1448.0,1500.0,1447.0,1492.8499755859375,16326644,1444.689990234375,1441.7624877929688,3.556875372479271,53.0,25.7474853515625,44.8499755859375,6.425048828125,1492.875
2024-03-28,1492.875,1505.949951171875,1478.6500244140625,1485.8499755859375,21854364,1457.675,1443.0724853515626,-0.46890177274863326,27.2999267578125,22.94498291015625,-7.0250244140625,0.0250244140625,1492.4749755859375
2024-04-01,1492.4749755859375,1493.9749755859375,1482.5,1484.7750244140625,5013880,1465.664990234375,1448.3499877929687,-0.07234587539371856,11.4749755859375,21.78997802734375,-7.699951171875,6.625,1484.0
2024-04-02,1484.0,1494.0,1475.0,1486.949951171875,8910166,1472.4699951171874,1454.1549926757812,0.14648190615078485,19.0,21.65748291015625,2.949951171875,-0.7750244140625,1482.074951171875
2024-04-03,1482.074951171875,1484.449951171875,1468.9000244140625,1471.5999755859375,7008292,1479.8849853515626,1460.3624877929688,-1.0323128612257653,15.5499267578125,20.69248046875,-10.4749755859375,-4.875,1479.75
2024-04-04,1479.75,1479.75,1450.0,1462.925048828125,14490272,1486.2349853515625,1465.4624877929687,-0.5894894605688248,29.75,21.63248291015625,-16.824951171875,8.1500244140625,1460.875
2024-04-05,1460.875,1470.800048828125,1456.0,1460.0999755859375,7442298,1479.8349853515624,1468.7549926757813,-0.19311127692088687,14.800048828125,21.014990234375,-0.7750244140625,-2.050048828125,1462.9749755859375
2024-04-08,1462.9749755859375,1490.9749755859375,1461.0,1485.9749755859375,8357118,1473.9349853515625,1469.7999877929688,1.7721389242278685,29.9749755859375,22.689990234375,23.0,2.875,1489.0
2024-04-09,1489.0,1489.800048828125,1462.5,1463.6500244140625,7071414,1474.9349853515625,1473.702490234375,-1.5023773306190442,27.300048828125,24.15499267578125,-25.3499755859375,3.0250244140625,1466.3499755859375
2024-04-10,1466.3499755859375,1487.0,1466.3499755859375,1479.574951171875,9138330,1471.789990234375,1475.8374877929687,1.0880283190776883,20.6500244140625,24.87999267578125,13.2249755859375,2.699951171875,1475.875
2024-04-12,1475.875,1486.4749755859375,1463.074951171875,1467.1500244140625,15551012,1471.014990234375,1478.6249877929688,-0.839763254167795,23.4000244140625,21.9199951171875,-8.7249755859375,-3.699951171875,1461.0
2024-04-15,1461.0,1482.125,1446.324951171875,1464.824951171875,12902062,1471.039990234375,1475.4374877929688,-0.15847549354170973,35.800048828125,22.77000732421875,3.824951171875,-6.1500244140625,1453.3499755859375
2024-04-16,1453.3499755859375,1471.175048828125,1450.925048828125,1465.75,9366184,1469.114990234375,1471.5249877929687,0.06315081043540058,20.25,23.647509765625,12.4000244140625,-11.4749755859375,1463.5
2024-04-18,1463.5,1486.0,1459.3499755859375,1464.324951171875,19005692,1464.014990234375,1469.4749877929687,-0.09722318458980045,26.6500244140625,24.41251220703125,0.824951171875,-2.25,1456.7750244140625
2024-04-19,1456.7750244140625,1474.0,1443.0250244140625,1470.125,15741778,1462.1,1466.9449951171875,0.3960902819748661,30.9749755859375,25.95501708984375,13.3499755859375,-7.5499267578125,1472.449951171875
2024-04-22,1472.449951171875,1482.824951171875,1467.800048828125,1479.8499755859375,10350362,1461.414990234375,1466.214990234375,0.6615067144588045,15.02490234375,24.48250732421875,7.4000244140625,2.324951171875,1479.0
2024-04-23,1479.0,1493.5,1455.550048828125,1459.324951171875,14605554,1465.014990234375,1468.027490234375,-1.3869665677384453,37.949951171875,26.79749755859375,-19.675048828125,-0.8499755859375,1463.5
2024-04-24,1463.5,1468.550048828125,1449.5,1450.175048828125,10462776,1467.0449951171875,1468.0799926757813,-0.6269955390266161,19.050048828125,25.7050048828125,-13.324951171875,4.175048828125,1442.5
2024-04-25,1442.5,1467.9749755859375,1441.5,1459.9749755859375,15943926,1462.8449951171874,1463.4299926757812,0.6757754359193907,26.4749755859375,25.62249755859375,17.4749755859375,-7.675048828125,1463.949951171875
2024-04-26,1463.949951171875,1465.0,1450.0,1452.550048828125,9413848,1464.27998046875,1463.189990234375,-0.5085653440623271,15.0,25.0574951171875,-11.39990234375,3.9749755859375,1450.0
2024-04-29,1450.0,1467.9000244140625,1450.0,1465.0250244140625,7247974,1459.789990234375,1460.602490234375,0.8588327538869965,17.9000244140625,24.5074951171875,15.0250244140625,-2.550048828125,1468.0
2024-04-30,1468.0,1483.074951171875,1462.875,1467.0,11474262,1457.589990234375,1461.302490234375,0.134808317470713,20.199951171875,22.9474853515625,-1.0,2.9749755859375,1472.0
2024-05-02,1472.0,1477.324951171875,1464.125,1466.550048828125,14512646,1459.289990234375,1463.1674926757812,-0.03067151819188821,13.199951171875,22.24248046875,-5.449951171875,5.0,1471.0
2024-05-03,1471.0,1474.949951171875,1416.1500244140625,1434.0,17226958,1464.989990234375,1463.9174926757812,-2.2194979880935355,58.7999267578125,25.457470703125,-37.0,4.449951171875,1435.5
2024-05-06,1435.5,1440.0,1418.0,1419.5250244140625,7394208,1459.3,1461.789990234375,-1.009412523426604,22.0,24.55997314453125,-15.9749755859375,1.5,1415.9749755859375
2024-05-07,1415.9749755859375,1420.75,1392.0,1401.4749755859375,14517472,1452.4949951171875,1456.1424926757813,-1.2715555215784604,28.75,25.93248291015625,-14.5,-3.550048828125,1397.5
2024-05-08,1397.5,1432.949951171875,1397.5,1418.550048828125,9439002,1438.3949951171876,1447.9924926757812,1.2183644759727976,35.449951171875,25.68248291015625,21.050048828125,-3.9749755859375,1413.0
2024-05-09,1413.0,1423.75,1390.0,1394.125,11009612,1426.5949951171874,1442.9424926757813,-1.7218320106719336,33.75,27.15247802734375,-18.875,-5.550048828125,1396.75
2024-05-10,1396.75,1410.0,1388.074951171875,1407.425048828125,10505096,1411.7449951171875,1438.3674926757812,0.954006909575899,21.925048828125,26.6974853515625,10.675048828125,2.625,1399.9000244140625
2024-05-13,1399.9000244140625,1406.9749755859375,1384.0,1402.699951171875,8456620,1404.625,1431.9625,-0.3357264147163143,22.9749755859375,27.49498291015625,2.7999267578125,-7.5250244140625,1400.9749755859375
2024-05-14,1400.9749755859375,1427.074951171875,1400.0250244140625,1420.074951171875,7188300,1401.625,1427.0599975585938,1.2386825839328068,27.0499267578125,28.40997314453125,19.0999755859375,-1.7249755859375,1420.5
2024-05-15,1420.5,1429.9749755859375,1413.0250244140625,1416.2750244140625,5046534,1406.225,1422.3099975585938,-0.267586352021541,16.949951171875,28.08497314453125,-4.2249755859375,0.425048828125,1418.550048828125
2024-05-16,1418.550048828125,1427.5,1398.0250244140625,1425.3499755859375,14711774,1407.335009765625,1416.9650024414063,0.6407619293879354,29.4749755859375,29.7124755859375,6.7999267578125,2.2750244140625,1423.050048828125
2024-05-17,1423.050048828125,1437.199951171875,1413.25,1435.699951171875,10916476,1412.59501953125,1412.1700073242187,0.726135739517784,23.949951171875,26.22747802734375,12.64990234375,-2.2999267578125,1425.5999755859375
2024-05-21,1425.5999755859375,1441.824951171875,1425.5999755859375,1436.125,11176128,1417.735009765625,1411.1800048828125,0.029605686604506628,16.2249755859375,25.6499755859375,10.5250244140625,-10.0999755859375,1436.2750244140625
2024-05-22,1436.2750244140625,1468.7750244140625,1436.2750244140625,1460.6500244140625,10281604,1424.79501953125,1413.210009765625,1.7077221282313517,32.5,26.0249755859375,24.375,0.1500244140625,1458.550048828125
2024-05-23,1458.550048828125,1492.2249755859375,1455.0,1486.050048828125,14608260,1432.405029296875,1419.3150146484375,1.7389534788972931,37.2249755859375,26.20247802734375,27.5,-2.0999755859375,1483.625
2024-05-24,1483.625,1488.5,1476.0999755859375,1480.25,7094776,1445.42001953125,1426.3775146484375,-0.3902996963459491,12.4000244140625,24.06748046875,-3.375,-2.425048828125,1480.2249755859375
2024-05-27,1480.2249755859375,1484.9000244140625,1461.550048828125,1466.25,6629010,1456.8550048828124,1434.7250122070313,-0.9457861847660868,23.3499755859375,24.20997314453125,-13.9749755859375,-0.0250244140625,1468.0
2024-05-28,1468.0,1478.5,1452.75,1456.199951171875,7820162,1465.335009765625,1441.535009765625,-0.6854253250213129,25.75,24.4874755859375,-11.800048828125,1.75,1446.5
2024-05-29,1446.5,1458.0,1438.449951171875,1440.7750244140625,7383556,1467.3800048828125,1446.0875122070313,-1.059258843224058,19.550048828125,23.73748779296875,-5.7249755859375,-9.699951171875,1435.5
2024-05-30,1435.5,1440.4000244140625,1420.0999755859375,1424.8499755859375,13206858,1462.7699951171876,1447.5875122070313,-1.1053112774911844,20.300048828125,24.07249755859375,-10.6500244140625,-5.2750244140625,1431.300048828125
2024-05-31,1431.300048828125,1442.25,1422.25,1430.4000244140625,31069832,1452.3050048828125,1448.8625122070312,0.38951811932639907,20.0,23.125,-0.9000244140625,6.4500732421875,1483.0
2024-06-03,1483.0,1514.5,1459.0,1510.324951171875,21527942,1452.860009765625,1454.8575073242187,5.587592658952331,55.5,26.2800048828125,27.324951171875,52.5999755859375,1498.050048828125
2024-06-04,1498.050048828125,1498.050048828125,1359.300048828125,1397.2750244140625,36709098,1458.87001953125,1462.1025146484376,-7.485139318535129,138.75,38.53250732421875,-100.7750244140625,-12.27490234375,1422.0
2024-06-05,1422.0,1431.1500244140625,1384.0999755859375,1420.75,17464890,1453.97001953125,1460.6750122070312,1.680054046323598,47.050048828125,39.98751220703125,-1.25,24.7249755859375,1435.0
2024-06-06,1435.0,1443.699951171875,1421.3499755859375,1431.5999755859375,17855722,1453.87001953125,1458.3200073242188,0.7636794359273271,22.3499755859375,38.50001220703125,-3.4000244140625,14.25,1428.5
2024-06-07,1428.5,1472.0,1426.5,1469.949951171875,18558696,1453.310009765625,1452.8075073242187,2.6788192400074116,45.5,41.810009765625,41.449951171875,-3.0999755859375,1469.949951171875
2024-06-10,1469.949951171875,1493.3499755859375,1468.074951171875,1471.4000244140625,9251760,1450.7,1451.7800048828126,0.09864779688801453,25.2750244140625,42.0025146484375,1.4500732421875,0.0,1469.0
2024-06-11,1469.0,1473.675048828125,1454.675048828125,1456.675048828125,11774902,1444.889990234375,1451.8800048828125,-1.0007459114866635,19.0,41.3275146484375,-12.324951171875,-2.4000244140625,1457.5
2024-06-12,1457.5,1476.0,1455.175048828125,1463.324951171875,10081742,1451.989990234375,1452.9800048828124,0.45651240811049487,20.824951171875,41.4550048828125,5.824951171875,0.824951171875,1472.0
2024-06-13,1472.0,1472.25,1460.0999755859375,1465.25,9181160,1459.389990234375,1456.6300048828125,0.1315530652698406,12.1500244140625,40.64000244140625,-6.75,8.675048828125,1470.0
2024-06-14,1470.0,1479.675048828125,1457.2249755859375,1477.550048828125,8157998,1467.689990234375,1460.5,0.8394505257208668,22.4500732421875,40.885009765625,7.550048828125,4.75,1487.3499755859375
2024-06-18,1487.3499755859375,1487.4000244140625,1471.3499755859375,1481.0250244140625,7196766,1471.1699951171875,1460.9349975585938,0.235184966403918,16.050048828125,36.9400146484375,-6.324951171875,9.7999267578125,1487.5
2024-06-19,1487.5,1487.5,1456.0,1458.6500244140625,8725874,1474.8699951171875,1459.8799926757813,-1.5107779835693333,31.5,26.2150146484375,-28.8499755859375,6.4749755859375,1459.0
2024-06-20,1459.0,1482.8499755859375,1450.0999755859375,1473.699951171875,16113776,1475.1699951171875,1463.5799926757813,1.031770918720413,32.75,24.785009765625,14.699951171875,0.3499755859375,1473.625
2024-06-21,1473.625,1474.699951171875,1440.574951171875,1454.199951171875,31170360,1475.4949951171875,1467.4424926757813,-1.3232001524118766,34.125,25.96251220703125,-19.425048828125,-0.074951171875,1445.5250244140625
2024-06-24,1445.5250244140625,1449.5,1437.5,1441.4749755859375,8878386,1470.6,1469.1449951171876,-0.8750499252652986,12.0,22.61251220703125,-4.050048828125,-8.6749267578125,1443.0
2024-06-25,1443.0,1455.925048828125,1441.0,1454.1500244140625,7045386,1461.7300048828124,1466.45,0.8793110558837685,14.925048828125,21.5775146484375,11.1500244140625,1.5250244140625,1446.050048828125
2024-06-26,1446.050048828125,1518.9749755859375,1445.125,1514.0250244140625,22014882,1453.4400146484375,1464.1550048828126,4.117525633170217,73.8499755859375,27.06251220703125,67.9749755859375,-8.0999755859375,1513.75
2024-06-27,1513.75,1537.5,1506.0,1530.550048828125,28383030,1464.3900146484375,1469.7800048828126,1.0914630965533605,31.5,28.13001708984375,16.800048828125,-0.2750244140625,1531.0250244140625
2024-06-28,1531.0250244140625,1581.0,1531.0250244140625,1565.4000244140625,28957336,1475.87001953125,1475.6825073242187,2.2769575952528047,49.9749755859375,31.91251220703125,34.375,0.4749755859375,1562.5250244140625
2024-07-01,1562.5250244140625,1579.4000244140625,1555.675048828125,1560.1500244140625,7724306,1499.27001953125,1484.935009765625,-0.33537753405651716,23.7249755859375,32.04000244140625,-2.375,-2.875,1569.5
2024-07-02,1569.5,1573.5,1557.0,1565.175048828125,7749246,1524.57001953125,1493.1500122070313,0.32208597477346596,16.5,32.08499755859375,-4.324951171875,9.3499755859375,1566.324951171875
2024-07-03,1566.324951171875,1575.0,1542.7750244140625,1552.425048828125,9049620,1548.625,1501.0325073242188,-0.8146053701498855,32.2249755859375,32.1574951171875,-13.89990234375,1.14990234375,1557.0
2024-07-04,1557.0,1567.5,1550.800048828125,1554.0250244140625,6837176,1557.275,1510.8325073242188,0.10306298440271042,16.699951171875,30.552490234375,-2.9749755859375,4.574951171875,1553.824951171875
2024-07-05,1553.824951171875,1598.5,1548.0,1588.625,12269710,1561.8349853515624,1518.8525024414062,2.226474802037583,50.5,32.189990234375,34.800048828125,-0.2000732421875,1589.0
2024-07-08,1589.0,1608.800048828125,1582.5250244140625,1600.9000244140625,9500806,1567.12998046875,1533.2,0.7726823142064678,26.2750244140625,33.61749267578125,11.9000244140625,0.375,1597.5999755859375
2024-07-09,1597.5999755859375,1600.5,1580.5,1590.2750244140625,6960002,1572.7499755859376,1548.6599975585937,-0.6636891647177533,20.0,34.12498779296875,-7.324951171875,-3.300048828125,1595.0
2024-07-10,1595.0,1597.5,1563.1500244140625,1584.2249755859375,7134578,1578.4849853515625,1563.5549926757812,-0.3804404103217393,34.3499755859375,30.17498779296875,-10.7750244140625,4.7249755859375,1587.5
2024-07-11,1587.5,1604.25,1570.5,1580.6500244140625,11940946,1584.5849853515624,1570.9299926757812,-0.2256593114593953,33.75,30.39998779296875,-6.8499755859375,3.2750244140625,1584.5
2024-07-12,1584.5,1605.1500244140625,1574.5,1596.7249755859375,12924784,1590.7199951171874,1576.277490234375,1.016983577869104,30.6500244140625,28.46749267578125,12.2249755859375,3.8499755859375,1604.449951171875
2024-07-15,1604.449951171875,1605.8499755859375,1585.5,1597.2249755859375,5329688,1593.8099853515625,1580.4699829101562,0.03131409651912778,20.3499755859375,28.12999267578125,-7.2249755859375,7.7249755859375,1593.5
2024-07-16,1593.5,1600.0,1569.125,1576.25,9386838,1592.989990234375,1582.8699829101563,-1.3132135989948999,30.875,29.56749267578125,-17.25,-3.7249755859375,1576.0
2024-07-18,1576.0,1593.9000244140625,1557.824951171875,1586.675048828125,12298374,1589.189990234375,1583.8374877929687,0.6613829549960348,36.0750732421875,29.95250244140625,10.675048828125,-0.25,1586.0
2024-07-19,1586.0,1589.9749755859375,1552.800048828125,1555.1500244140625,13140390,1588.889990234375,1586.7374877929688,-1.9868607902636413,37.1749267578125,32.0,-30.8499755859375,-0.675048828125,1537.25
2024-07-22,1537.25,1537.5,1499.2750244140625,1500.675048828125,19674376,1579.439990234375,1585.0799926757813,-3.5028759110531578,38.2249755859375,30.77249755859375,-36.574951171875,-17.9000244140625,1501.0
2024-07-23,1501.0,1505.75,1463.0,1487.9000244140625,18052044,1558.75,1576.2799926757812,-0.8512851882250257,42.75,32.4199951171875,-13.0999755859375,0.324951171875,1485.0
2024-07-24,1485.0,1509.5,1476.4000244140625,1495.699951171875,11913362,1537.05,1565.0199951171876,0.5242238476932699,33.0999755859375,33.72999267578125,10.699951171875,-2.9000244140625,1481.0
2024-07-25,1481.0,1500.4749755859375,1477.074951171875,1492.4000244140625,12519876,1518.05,1553.6199951171875,-0.22062759012775393,23.4000244140625,32.63499755859375,11.4000244140625,-14.699951171875,1492.4000244140625
2024-07-26,1492.4000244140625,1512.425048828125,1490.3499755859375,1509.0250244140625,9859940,1499.3300048828125,1544.1099975585937,1.1139774677052294,22.0750732421875,31.4675048828125,16.625,0.0,1511.949951171875
2024-07-29,1511.949951171875,1527.5,1511.7750244140625,1520.0999755859375,7538550,1494.2699951171876,1536.8549926757812,0.7339143481848672,15.7249755859375,29.975,8.1500244140625,2.9249267578125,1517.0250244140625
2024-07-30,1517.0250244140625,1525.0,1510.0,1513.1500244140625,8228208,1497.475,1528.1125,-0.45720355789072836,15.0,29.44000244140625,-3.875,-3.074951171875,1504.0
2024-07-31,1504.0,1510.449951171875,1501.1500244140625,1505.425048828125,10057346,1501.275,1519.1625,-0.5105227810394309,9.2999267578125,27.2824951171875,1.425048828125,-9.1500244140625,1512.0
2024-08-01,1512.0,1518.0,1504.300048828125,1515.300048828125,10764222,1507.475,1512.7625,0.6559609199864876,13.699951171875,25.04498291015625,3.300048828125,6.574951171875,1505.0
2024-08-02,1505.0,1509.324951171875,1493.2750244140625,1499.324951171875,10268248,1509.9949951171875,1504.6625,-1.0542530945342825,16.0499267578125,22.93248291015625,-5.675048828125,-10.300048828125,1480.0
2024-08-05,1480.0,1483.9000244140625,1433.25,1447.324951171875,17046704,1503.6050048828124,1498.9375,-3.4682274819315655,50.6500244140625,24.17498779296875,-32.675048828125,-19.324951171875,1455.1500244140625
2024-08-06,1455.1500244140625,1477.5,1451.324951171875,1456.050048828125,10236186,1491.2300048828124,1494.3525024414062,0.6028430346057002,26.175048828125,22.51749267578125,0.9000244140625,7.8250732421875,1469.0
2024-08-07,1469.0,1472.5,1461.5,1464.824951171875,8174568,1484.2300048828124,1492.7525024414062,0.6026511486203595,11.0,20.3074951171875,-4.175048828125,12.949951171875,1457.5250244140625
2024-08-08,1457.5250244140625,1465.0,1445.925048828125,1449.125,12387192,1473.335009765625,1490.4050048828126,-1.0717970880626302,19.074951171875,19.87498779296875,-8.4000244140625,-7.2999267578125,1460.0
2024-08-09,1460.0,1476.5,1456.0,1474.300048828125,6249776,1464.335009765625,1487.1650024414062,1.7372586097213836,20.5,19.71748046875,14.300048828125,10.875,1470.0
2024-08-12,1470.0,1473.0,1457.75,1460.625,8184584,1462.335009765625,1482.9700073242188,-0.9275621227168016,15.25,19.66998291015625,-9.375,-4.300048828125,1460.75
2024-08-13,1460.75,1470.074951171875,1458.0,1463.625,6265064,1463.4550048828125,1477.3425048828126,0.20539152759948653,12.074951171875,19.37747802734375,2.875,0.125,1463.550048828125
2024-08-14,1463.550048828125,1472.0,1453.699951171875,1461.8499755859375,6267466,1462.3650146484374,1473.297509765625,-0.12127590155008967,18.300048828125,20.277490234375,-1.7000732421875,-0.074951171875,1468.6500244140625
2024-08-16,1468.6500244140625,1480.4000244140625,1458.050048828125,1478.199951171875,9416902,1464.5900146484375,1468.9625122070313,1.1184441535721965,22.3499755859375,21.14249267578125,9.5499267578125,6.800048828125,1482.5
2024-08-19,1482.5,1498.300048828125,1480.5,1488.4000244140625,13797742,1469.0900146484375,1466.7125122070313,0.6900333905505254,17.800048828125,21.3175048828125,5.9000244140625,4.300048828125,1497.2249755859375
2024-08-20,1497.2249755859375,1503.925048828125,1490.0250244140625,1495.949951171875,8411808,1474.535009765625,1468.435009765625,0.5072511847602714,13.9000244140625,17.6425048828125,-1.2750244140625,8.824951171875,1493.25
2024-08-21,1493.25,1507.875,1490.0,1498.675048828125,7769996,1481.035009765625,1472.2450073242187,0.18216502859037853,17.875,16.8125,5.425048828125,-2.699951171875,1503.0
2024-08-22,1503.0,1506.5,1490.6500244140625,1498.125,10445782,1488.925,1475.6450073242188,-0.036702341081551036,15.8499755859375,17.29749755859375,-4.875,4.324951171875,1503.75
2024-08-23,1503.75,1511.324951171875,1498.425048828125,1499.9749755859375,9249654,1495.9449951171875,1480.2675048828125,0.12348606330830204,12.89990234375,16.67999267578125,-3.7750244140625,5.625,1506.9749755859375
2024-08-26,1506.9749755859375,1523.0,1503.0,1512.5999755859375,8816114,1500.839990234375,1484.9650024414063,0.8416807083777033,20.0,16.62999267578125,5.625,7.0,1510.5
2024-08-27,1510.5,1513.4749755859375,1499.449951171875,1500.449951171875,6251156,1503.4949951171875,1489.0150024414063,-0.8032543045199992,14.0250244140625,16.5074951171875,-10.050048828125,-2.0999755859375,1505.0
2024-08-28,1505.0,1507.4749755859375,1493.0,1498.300048828125,9610286,1505.8449951171874,1493.4400024414062,-0.1432838424281258,14.4749755859375,16.74749755859375,-6.699951171875,4.550048828125,1503.0999755859375
2024-08-29,1503.0999755859375,1537.0,1494.0,1520.925048828125,38335358,1505.864990234375,1497.3949951171876,1.5100446681354538,43.0,19.21749267578125,17.8250732421875,4.7999267578125,1534.0
2024-08-30,1534.0,1539.7249755859375,1503.324951171875,1509.625,41620730,1511.914990234375,1503.9299926757812,-0.7429721035123791,36.4000244140625,20.62249755859375,-24.375,13.074951171875,1510.875
2024-09-02,1510.875,1526.800048828125,1506.625,1516.25,11240852,1512.6949951171875,1506.7674926757813,0.43885070795727416,20.175048828125,20.85999755859375,5.375,1.25,1521.25
2024-09-03,1521.25,1523.0,1507.5,1509.125,10923800,1514.8449951171874,1509.1699951171875,-0.4699093157460841,15.5,21.0199951171875,-12.125,5.0,1500.699951171875
2024-09-04,1500.699951171875,1517.5,1499.5,1514.550048828125,11983304,1513.9849853515625,1509.914990234375,0.3594830665534664,18.0,21.0324951171875,13.85009765625,-8.425048828125,1519.050048828125
2024-09-05,1519.050048828125,1525.7750244140625,1487.050048828125,1492.9749755859375,16264168,1517.175,1511.5199951171876,-1.424520322645072,38.7249755859375,23.3199951171875,-26.0750732421875,4.5,1492.5
2024-09-06,1492.5,1497.0,1461.625,1464.824951171875,19394228,1508.875,1510.3949951171876,-1.8854987440773852,35.375,25.5675048828125,-27.675048828125,-0.4749755859375,1466.5
2024-09-09,1466.5,1469.925048828125,1455.5999755859375,1462.449951171875,9010298,1500.0,1506.3474975585937,-0.16213541407114723,14.3250732421875,25.00001220703125,-4.050048828125,1.675048828125,1460.5
2024-09-10,1460.5,1472.050048828125,1457.574951171875,1461.5250244140625,10768260,1487.85,1501.3474975585937,-0.0632450195694798,14.47509765625,25.04501953125,1.0250244140625,-1.949951171875,1463.050048828125
2024-09-11,1463.050048828125,1468.75,1447.550048828125,1451.5,9760202,1480.32001953125,1497.1525024414063,-0.6859290293768057,21.199951171875,25.71751708984375,-11.550048828125,1.5250244140625,1457.0
2024-09-12,1457.0,1486.0,1445.875,1479.800048828125,22349376,1467.910009765625,1492.5425048828124,1.9497105634257665,40.125,25.43001708984375,22.800048828125,5.5,1476.4000244140625
2024-09-13,1476.4000244140625,1483.1500244140625,1469.5,1472.625,8711328,1464.6900146484375,1486.7825073242188,-0.48486610294458526,13.6500244140625,23.15501708984375,-3.7750244140625,-3.4000244140625,1477.550048828125
2024-09-16,1477.550048828125,1480.9000244140625,1464.75,1471.3499755859375,5481774,1466.9000244140625,1483.4500122070312,-0.08658174444020032,16.1500244140625,22.7525146484375,-6.2000732421875,4.925048828125,1474.0
2024-09-17,1474.0,1477.4749755859375,1466.625,1472.300048828125,5935328,1469.6000244140625,1478.7250122070313,0.0645715334863924,10.8499755859375,22.28751220703125,-1.699951171875,2.6500244140625,1470.0
2024-09-18,1470.0,1482.0,1460.550048828125,1463.449951171875,8574714,1470.9900146484374,1475.6550170898438,-0.6011069321972937,21.449951171875,22.63250732421875,-6.550048828125,-2.300048828125,1466.25
2024-09-19,1466.25,1476.5,1455.550048828125,1469.675048828125,16955902,1472.8400146484375,1470.3750122070312,0.4253714075609609,20.949951171875,20.8550048828125,3.425048828125,2.800048828125,1474.0
2024-09-20,1474.0,1495.0,1471.375,1485.925048828125,30897320,1472.360009765625,1468.5250122070313,1.1056865946630354,23.625,19.6800048828125,11.925048828125,4.324951171875,1491.0
2024-09-23,1491.0,1501.5,1488.949951171875,1493.375,8832314,1475.05,1470.9750122070313,0.501367897240201,12.550048828125,19.50250244140625,2.375,5.074951171875,1488.5
2024-09-24,1488.5,1500.5,1487.875,1489.375,17137444,1477.95,1473.7750122070313,-0.26784966937306437,12.625,19.31749267578125,0.875,-4.875,1483.9000244140625
2024-09-25,1483.9000244140625,1496.5,1480.199951171875,1493.949951171875,7069002,1480.7300048828124,1475.860009765625,0.3071725503566933,16.300048828125,18.82750244140625,10.0499267578125,-5.4749755859375,1490.6500244140625
2024-09-26,1490.6500244140625,1504.0,1488.050048828125,1497.949951171875,18818998,1485.610009765625,1479.2250122070313,0.26774658661505657,15.949951171875,16.40999755859375,7.2999267578125,-3.2999267578125,1499.0
2024-09-27,1499.0,1533.4749755859375,1492.0,1526.175048828125,20597478,1490.610009765625,1481.485009765625,1.8842483778692982,41.4749755859375,19.19249267578125,27.175048828125,1.050048828125,1519.4000244140625
2024-09-30,1519.4000244140625,1524.9749755859375,1474.4000244140625,1476.574951171875,27008814,1496.2900146484376,1485.6700073242187,-3.2499612475210813,50.574951171875,22.6349853515625,-42.8250732421875,-6.7750244140625,1480.6500244140625
2024-10-01,1480.6500244140625,1487.949951171875,1462.824951171875,1464.824951171875,16431642,1494.72001953125,1486.335009765625,-0.7957604854853241,25.125,24.06248779296875,-15.8250732421875,4.0750732421875,1436.574951171875
2024-10-03,1436.574951171875,1449.4000244140625,1402.074951171875,1406.9749755859375,37757294,1485.2550048828125,1482.9925048828125,-3.9492756823712574,47.3250732421875,26.65,-29.5999755859375,-28.25,1403.925048828125
2024-10-04,1403.925048828125,1417.3499755859375,1381.7750244140625,1386.5250244140625,37072876,1467.910009765625,1476.760009765625,-1.4534694309938652,35.574951171875,28.1125,-17.4000244140625,-3.0499267578125,1393.5
2024-10-07,1393.5,1396.5,1361.375,1370.7249755859375,22181340,1446.810009765625,1468.710009765625,-1.1395429977761857,35.125,29.2625,-22.7750244140625,6.9749755859375,1372.9749755859375
2024-10-08,1372.9749755859375,1401.0,1365.0999755859375,1397.3499755859375,17020808,1417.525,1456.9075073242188,1.9424027776701693,35.9000244140625,31.59749755859375,24.375,2.25,1397.5250244140625
2024-10-09,1397.5250244140625,1400.9749755859375,1372.5,1374.5999755859375,14310610,1400.9,1447.810009765625,-1.6280817545697854,28.4749755859375,33.1824951171875,-22.925048828125,0.175048828125,1380.0250244140625
2024-10-10,1380.0250244140625,1386.0,1369.425048828125,1371.050048828125,22358646,1389.5900146484375,1437.422509765625,-0.2582516238078141,16.574951171875,33.2099853515625,-8.9749755859375,5.425048828125,1370.0
2024-10-11,1370.0,1383.2750244140625,1368.824951171875,1372.0999755859375,7980122,1382.8050048828125,1425.3575073242187,0.07657829549766633,14.4500732421875,33.05999755859375,2.0999755859375,-1.050048828125,1379.449951171875
2024-10-14,1379.449951171875,1380.074951171875,1368.25,1372.5250244140625,12221432,1379.9949951171875,1413.4025024414063,0.03097797796720231,11.824951171875,30.0949951171875,-6.9249267578125,7.3499755859375,1358.5250244140625
2024-10-15,1358.5250244140625,1371.699951171875,1340.699951171875,1344.0250244140625,33762794,1377.1050048828124,1397.3150024414062,-2.0764648726289554,31.0,28.1375,-14.5,-14.0,1340.0
2024-10-16,1340.0,1364.0,1337.625,1354.074951171875,20034438,1365.6,1383.25,0.7477484849803179,26.375,28.2625,14.074951171875,-4.0250244140625,1365.699951171875
2024-10-17,1365.699951171875,1368.449951171875,1352.050048828125,1356.425048828125,15543660,1362.7349853515625,1376.1625,0.1735574278378109,16.39990234375,25.16998291015625,-9.27490234375,11.625,1352.175048828125
2024-10-18,1352.175048828125,1368.425048828125,1341.324951171875,1359.300048828125,12082452,1359.1699951171875,1370.9875,0.21195421025908054,27.10009765625,24.32249755859375,7.125,-4.25,1367.125
2024-10-21,1367.125,1374.0,1357.7249755859375,1369.199951171875,14067408,1356.7050048828125,1368.35,0.7283088345567904,16.2750244140625,22.4375,2.074951171875,7.824951171875,1369.199951171875
2024-10-22,1369.199951171875,1376.0,1340.2249755859375,1343.3499755859375,15831960,1358.839990234375,1367.9724975585937,-1.8879620587053736,35.7750244140625,22.425,-25.8499755859375,0.0,1337.5
2024-10-23,1337.5,1357.4749755859375,1335.0,1338.5250244140625,17214742,1358.339990234375,1361.9699951171874,-0.35917305687748796,22.4749755859375,21.825,1.0250244140625,-5.8499755859375,1335.2750244140625
2024-10-24,1335.2750244140625,1343.699951171875,1323.125,1339.800048828125,22155934,1352.2550048828125,1357.4949951171875,0.09525592654650893,20.574951171875,22.225,4.5250244140625,-3.25,1343.5
2024-10-25,1343.5,1344.3499755859375,1322.0,1327.8499755859375,18597496,1350.5199951171876,1354.8449951171874,-0.8919296019312583,22.3499755859375,23.014990234375,-15.6500244140625,3.699951171875,1337.0
2024-10-28,1337.0,1353.0,1322.0999755859375,1334.3499755859375,10824350,1344.4949951171875,1350.6,0.48951313171744115,30.9000244140625,24.92249755859375,-2.6500244140625,9.1500244140625,1328.0999755859375
2024-10-29,1328.0999755859375,1343.199951171875,1320.300048828125,1340.0,12008361,1336.275,1347.5574951171875,0.4234289742150646,22.89990234375,24.11248779296875,11.9000244140625,-6.25,1335.0
2024-10-30,1335.0,1350.0,1325.3499755859375,1343.9000244140625,11984423,1335.775,1347.0574951171875,0.29104659806436567,24.6500244140625,23.939990234375,8.9000244140625,-5.0,1340.0
2024-10-31,1340.0,1343.0,1326.1500244140625,1332.050048828125,9331650,1336.7199951171874,1344.4875,-0.8817602031895241,16.8499755859375,23.98499755859375,-7.949951171875,-3.9000244140625,1333.050048828125
2024-11-01,1333.050048828125,1341.949951171875,1333.0,1338.6500244140625,2127335,1334.6300048828125,1342.575,0.4954750455317987,8.949951171875,22.16998291015625,5.5999755859375,1.0,1337.8499755859375
2024-11-04,1337.8499755859375,1340.0,1285.0999755859375,1302.1500244140625,19796890,1334.8,1339.6474975585938,-2.7266275228266874,54.9000244140625,26.03248291015625,-35.699951171875,-0.800048828125,1293.0
2024-11-05,1293.0,1309.550048828125,1286.1500244140625,1305.300048828125,16267479,1327.7800048828126,1332.0275024414063,0.2419094846985806,23.4000244140625,24.79498291015625,12.300048828125,-9.1500244140625,1310.0
2024-11-06,1310.0,1328.300048828125,1300.199951171875,1325.3499755859375,21625209,1322.7800048828126,1329.2775024414063,1.5360396849607847,28.10009765625,25.3574951171875,15.3499755859375,4.699951171875,1324.0
2024-11-07,1324.0,1324.0,1302.5999755859375,1305.6500244140625,9611974,1319.5800048828125,1328.15,-1.4863961621280934,21.4000244140625,25.44000244140625,-18.3499755859375,-1.3499755859375,1297.6500244140625
2024-11-08,1297.6500244140625,1301.6500244140625,1275.0,1283.75,19814406,1312.5,1323.5650024414062,-1.677327308586433,26.6500244140625,25.87000732421875,-13.9000244140625,-8.0,1278.949951171875
2024-11-11,1278.949951171875,1286.0,1267.0,1272.699951171875,9056552,1300.7199951171874,1317.7599975585938,-0.860763297224927,19.0,24.6800048828125,-6.25,-4.800048828125,1275.550048828125
2024-11-12,1275.550048828125,1289.300048828125,1267.5,1274.25,10671091,1297.2300048828124,1312.5050048828125,0.12179216528591424,21.800048828125,24.57001953125,-1.300048828125,2.85009765625,1270.25
2024-11-13,1270.25,1275.449951171875,1249.5,1252.050048828125,14633633,1289.2800048828126,1306.0300048828126,-1.7421974629684127,25.949951171875,24.70001220703125,-18.199951171875,-4.0,1253.5999755859375
2024-11-14,1253.5999755859375,1272.5999755859375,1251.0999755859375,1267.5999755859375,12612633,1275.2,1297.3900024414063,1.2419572821682876,21.5,25.1650146484375,14.0,1.5499267578125,1267.5999755859375
2024-11-18,1267.5999755859375,1272.9000244140625,1243.9000244140625,1260.75,13620611,1269.189990234375,1290.8449951171874,-0.5403893750290707,29.0,27.17001953125,-6.8499755859375,0.0,1260.75
2024-11-19,1260.75,1281.5,1235.1500244140625,1241.6500244140625,14183746,1265.55,1283.1349975585938,-1.514969310802102,46.3499755859375,26.3150146484375,-19.0999755859375,0.0,1241.6500244140625
2024-11-21,1241.6500244140625,1243.949951171875,1217.25,1223.0,19433843,1258.7699951171876,1278.0,-1.5020355210691105,26.699951171875,26.64500732421875,-18.6500244140625,0.0,1229.4000244140625
2024-11-22,1229.4000244140625,1268.8499755859375,1222.449951171875,1265.4000244140625,20471957,1250.6,1269.9400024414062,3.4668867059740394,46.4000244140625,28.475,36.0,6.4000244140625,1290.0
2024-11-25,1290.0,1304.449951171875,1282.449951171875,1287.0,28923341,1257.8800048828125,1266.5400024414062,1.706968165733936,22.0,28.53499755859375,-3.0,24.5999755859375,1294.949951171875
2024-11-26,1294.949951171875,1297.8499755859375,1284.199951171875,1295.699951171875,9247557,1263.35,1266.2699951171876,0.6759868820415695,13.6500244140625,27.23499755859375,0.75,7.949951171875,1293.5
2024-11-27,1293.5,1303.8499755859375,1286.0,1293.199951171875,9572746,1269.9,1267.725,-0.19294590524132652,17.8499755859375,27.1199951171875,-0.300048828125,-2.199951171875,1289.949951171875
2024-11-28,1289.949951171875,1296.5999755859375,1269.050048828125,1270.800048828125,15027412,1279.5599853515625,1269.164990234375,-1.7321298476273217,27.5499267578125,27.69498291015625,-19.14990234375,-3.25,1280.0
2024-11-29,1280.0,1299.5,1275.25,1292.199951171875,13202307,1289.67998046875,1270.139990234375,1.6839708468286598,24.25,27.52498779296875,12.199951171875,9.199951171875,1288.0
2024-12-02,1288.0,1311.3499755859375,1277.050048828125,1309.1500244140625,11024152,1289.27998046875,1273.5799926757813,1.3117221701498871,34.2999267578125,28.80498046875,21.1500244140625,-4.199951171875,1317.0
2024-12-03,1317.0,1326.800048828125,1307.0,1323.300048828125,16869482,1293.689990234375,1278.5199951171876,1.0808558339519292,19.800048828125,27.8849853515625,6.300048828125,7.8499755859375,1326.0
2024-12-04,1326.0,1328.4000244140625,1304.050048828125,1308.949951171875,19608540,1300.189990234375,1285.0449951171875,-1.0844175263922962,24.3499755859375,25.6849853515625,-17.050048828125,2.699951171875,1314.3499755859375
2024-12-05,1314.3499755859375,1329.949951171875,1306.1500244140625,1322.050048828125,16858723,1305.0699951171875,1292.314990234375,1.000809667666954,23.7999267578125,25.39498291015625,7.7000732421875,5.4000244140625,1323.9000244140625
2024-12-06,1323.9000244140625,1323.9000244140625,1310.0,1311.550048828125,9037514,1313.85,1301.764990234375,-0.7942210666916338,13.9000244140625,22.14498291015625,-12.3499755859375,1.8499755859375,1303.0
2024-12-09,1303.0,1315.0,1293.0999755859375,1295.1500244140625,14650002,1316.85,1303.064990234375,-1.2504306967710446,21.9000244140625,22.1349853515625,-7.8499755859375,-8.550048828125,1289.25
2024-12-10,1289.25,1294.9000244140625,1280.199951171875,1284.8499755859375,16043729,1311.3,1302.4949951171875,-0.7952784336922539,14.7000732421875,22.239990234375,-4.4000244140625,-5.9000244140625,1285.0
2024-12-11,1285.0,1290.0,1276.050048828125,1278.199951171875,11724373,1303.1,1301.6449951171876,-0.5175720543583192,13.949951171875,21.84998779296875,-6.800048828125,0.1500244140625,1270.0
2024-12-12,1270.0,1278.199951171875,1260.5999755859375,1262.9000244140625,20906813,1294.2300048828124,1299.65,-1.1969900909310216,17.5999755859375,20.85499267578125,-7.0999755859375,-8.199951171875,1260.0
2024-12-13,1260.0,1275.199951171875,1239.5999755859375,1272.8499755859375,28630222,1281.45,1297.65,0.787865308379529,35.5999755859375,21.989990234375,12.8499755859375,-2.9000244140625,1275.0
2024-12-16,1275.0,1281.0,1266.550048828125,1268.300048828125,9486781,1275.85,1296.35,-0.3574597827774643,14.449951171875,20.00499267578125,-6.699951171875,2.1500244140625,1261.050048828125
2024-12-17,1261.050048828125,1263.9000244140625,1242.800048828125,1245.300048828125,17462791,1270.210009765625,1290.7550048828125,-1.8134510064279648,21.0999755859375,20.1349853515625,-15.75,-7.25,1240.6500244140625
2024-12-18,1240.6500244140625,1259.949951171875,1240.6500244140625,1253.25,12670179,1261.3400146484375,1282.2200073242188,0.6383964394248767,19.2999267578125,19.62998046875,12.5999755859375,-4.6500244140625,1239.0
2024-12-19,1239.0,1244.9000244140625,1229.0,1230.449951171875,14244653,1255.1400146484375,1274.685009765625,-1.8192737943846002,15.9000244140625,18.839990234375,-8.550048828125,-14.25,1224.0
2024-12-20,1224.0,1239.5,1201.5,1205.300048828125,20312896,1247.9400146484375,1264.6950073242188,-2.0439597985921614,38.0,21.24998779296875,-18.699951171875,-6.449951171875,1215.0
2024-12-23,1215.0,1227.199951171875,1213.199951171875,1222.300048828125,10052824,1235.9400146484375,1255.8950073242188,1.4104371784045442,14.0,20.4599853515625,7.300048828125,9.699951171875,1222.300048828125
2024-12-24,1222.300048828125,1233.550048828125,1221.0,1222.75,6734917,1228.1900146484375,1249.2000122070312,0.03681184274731796,12.550048828125,20.24498291015625,0.449951171875,0.0,1224.25
2024-12-26,1224.25,1227.699951171875,1214.25,1216.550048828125,10016178,1224.910009765625,1243.1250122070312,-0.507049778930689,13.449951171875,20.19498291015625,-7.699951171875,1.5,1218.300048828125
2024-12-27,1218.300048828125,1227.9000244140625,1217.0,1221.050048828125,7000397,1220.77001953125,1237.9550170898438,0.36989846856976805,10.9000244140625,19.52498779296875,2.75,1.75,1216.4000244140625
2024-12-30,1216.4000244140625,1223.199951171875,1208.0999755859375,1210.699951171875,8818766,1219.2500244140624,1233.59501953125,-0.847639100967505,15.0999755859375,17.47498779296875,-5.7000732421875,-4.6500244140625,1208.0
2024-12-31,1208.0,1219.0999755859375,1206.1500244140625,1215.449951171875,6405475,1217.8500244140625,1226.89501953125,0.3923350286255752,12.949951171875,17.32498779296875,7.449951171875,-2.699951171875,1214.8499755859375
2025-01-01,1214.8499755859375,1226.300048828125,1211.5999755859375,1221.25,5892590,1216.360009765625,1222.2750122070313,0.4771935547434831,14.7000732421875,16.68499755859375,6.4000244140625,-0.5999755859375,1221.25
2025-01-02,1221.25,1244.449951171875,1220.0,1241.800048828125,15486276,1215.760009765625,1220.335009765625,1.6827061476458547,24.449951171875,17.2,20.550048828125,0.0,1243.9000244140625
2025-01-03,1243.9000244140625,1262.050048828125,1235.5,1251.1500244140625,15521102,1220.8800048828125,1220.8250122070312,0.7529372860599405,26.550048828125,18.26500244140625,7.25,2.0999755859375,1253.949951171875
2025-01-06,1253.949951171875,1262.0,1215.0,1218.0,14816766,1228.389990234375,1223.8200073242188,-2.649564302217657,47.0,19.16500244140625,-35.949951171875,2.7999267578125,1222.0
2025-01-07,1222.0,1244.5,1221.25,1240.8499755859375,10070505,1231.189990234375,1224.5200073242188,1.8760242681393677,23.25,20.09000244140625,18.8499755859375,4.0,1249.0
2025-01-08,1249.0,1271.050048828125,1245.3499755859375,1265.5,19346579,1238.0199951171876,1227.1900024414062,1.9865434902734795,25.7000732421875,21.4050048828125,16.5,8.1500244140625,1267.0
2025-01-09,1267.0,1269.75,1248.050048828125,1254.75,12794704,1247.1699951171875,1231.4650024414063,-0.8494666139865665,21.699951171875,22.2300048828125,-12.25,1.5,1253.8499755859375
2025-01-10,1253.8499755859375,1256.75,1236.0,1241.9000244140625,8120332,1249.1599853515625,1235.0199951171876,-1.024106442393903,20.75,23.21500244140625,-11.949951171875,-0.9000244140625,1230.0
2025-01-13,1230.0,1245.25,1226.4000244140625,1239.8499755859375,13764861,1244.3699951171875,1236.3799926757813,-0.16507357982316073,18.8499755859375,23.59000244140625,9.8499755859375,-11.9000244140625,1244.0999755859375
2025-01-14,1244.0999755859375,1253.3499755859375,1227.25,1238.75,13095266,1248.789990234375,1239.989990234375,-0.08871844235974319,26.0999755859375,24.9050048828125,-5.3499755859375,4.25,1244.949951171875
2025-01-15,1244.949951171875,1257.0,1241.8499755859375,1252.199951171875,9578856,1247.97998046875,1242.9999877929688,1.0857680058022199,15.1500244140625,24.95,7.25,6.199951171875,1258.9000244140625
2025-01-16,1258.9000244140625,1275.0,1251.300048828125,1266.449951171875,14117603,1246.3599853515625,1246.764990234375,1.1379971694348092,23.699951171875,24.875,7.5499267578125,6.7000732421875,1322.25
2025-01-17,1322.25,1326.0,1285.0,1302.3499755859375,29366277,1260.039990234375,1254.5999877929687,2.834697445472945,41.0,26.3199951171875,-19.9000244140625,55.800048828125,1316.0
2025-01-20,1316.0,1316.0,1300.25,1305.449951171875,14040244,1277.239990234375,1260.8049926757812,0.23802938104581273,15.75,23.1949951171875,-10.550048828125,13.6500244140625,1310.5
2025-01-21,1310.5,1313.0,1270.199951171875,1273.699951171875,14562976,1290.5199951171876,1269.6549926757812,-2.4321116233907465,42.800048828125,25.15,-36.800048828125,5.050048828125,1278.300048828125
2025-01-22,1278.300048828125,1282.9000244140625,1268.699951171875,1277.0999755859375,10273590,1297.1900146484375,1272.5849975585938,0.2669407666173095,14.2000732421875,24.0,-1.2000732421875,4.60009765625,1270.0
2025-01-23,1270.0,1277.3499755859375,1261.5999755859375,1263.6500244140625,8720682,1299.410009765625,1272.8849975585938,-1.0531635290106494,15.75,23.4050048828125,-6.3499755859375,-7.0999755859375,1266.0
2025-01-24,1266.0,1273.0,1243.5,1246.300048828125,14235970,1288.160009765625,1274.1,-1.3730048075599453,29.5,24.2800048828125,-19.699951171875,2.3499755859375,1239.0999755859375
2025-01-27,1239.0999755859375,1240.449951171875,1220.0,1229.3499755859375,9536019,1272.7800048828126,1275.0099975585938,-1.3600314994872518,20.449951171875,24.44000244140625,-9.75,-7.2000732421875,1238.0
2025-01-28,1238.0,1244.75,1218.5,1234.4000244140625,10568025,1258.2800048828126,1274.4,0.4107901678460624,26.25,24.4550048828125,-3.5999755859375,8.6500244140625,1236.0
2025-01-29,1236.0,1242.75,1228.050048828125,1235.5,5928156,1249.8199951171875,1273.5050048828125,0.08911013967774585,14.699951171875,24.40999755859375,-0.5,1.5999755859375,1235.550048828125
2025-01-30,1235.550048828125,1257.0,1232.4000244140625,1253.050048828125,9269259,1242.9300048828125,1271.1700073242187,1.4204814915520032,24.5999755859375,24.5,17.5,0.050048828125,1255.8499755859375
2025-01-31,1255.8499755859375,1267.0,1249.0,1265.0999755859375,6584612,1240.9,1264.5300048828126,0.9616476827148132,18.0,22.2,9.25,2.7999267578125,1265.0999755859375
2025-02-01,1265.0999755859375,1270.550048828125,1241.0,1264.5999755859375,7118453,1246.1,1259.4400024414062,-0.03952256814868899,29.550048828125,23.5800048828125,-0.5,0.0,1251.0
2025-02-03,1251.0,1256.0,1237.550048828125,1245.9000244140625,9252345,1248.7,1253.4900024414062,-1.4787246190804804,18.449951171875,21.1449951171875,-5.0999755859375,-13.5999755859375,1248.050048828125
2025-02-04,1248.050048828125,1288.800048828125,1246.5999755859375,1285.199951171875,16691069,1251.110009765625,1250.4650024414063,3.1543403152508134,42.2000732421875,23.9449951171875,37.14990234375,2.1500244140625,1282.6500244140625
2025-02-05,1282.6500244140625,1290.5,1276.699951171875,1278.199951171875,10112028,1260.5300048828126,1251.7300048828124,-0.5446623300613448,13.800048828125,23.75,-4.4500732421875,-2.5499267578125,1273.699951171875
2025-02-06,1273.699951171875,1288.0,1270.3499755859375,1281.550048828125,9956001,1264.1,1252.5,0.2620949604307663,17.6500244140625,22.56500244140625,7.85009765625,-4.5,1276.1500244140625
2025-02-07,1276.1500244140625,1283.699951171875,1262.0,1266.699951171875,8764283,1266.310009765625,1256.2050048828125,-1.1587606484685657,21.699951171875,22.69000244140625,-9.4500732421875,-5.4000244140625,1264.5
2025-02-10,1264.5,1266.5,1245.550048828125,1253.6500244140625,6970972,1269.010009765625,1258.8550048828124,-1.03023030400684,20.949951171875,22.15999755859375,-10.8499755859375,-2.199951171875,1264.550048828125
2025-02-11,1264.550048828125,1264.550048828125,1230.0999755859375,1234.8499755859375,8859714,1272.310009765625,1261.710009765625,-1.499624972042087,34.4500732421875,24.135009765625,-29.7000732421875,10.9000244140625,1219.449951171875
2025-02-12,1219.449951171875,1226.9000244140625,1193.3499755859375,1216.550048828125,21131654,1259.6699951171875,1260.1,-1.4819554698641968,33.550048828125,25.03001708984375,-2.89990234375,-15.4000244140625,1217.050048828125
2025-02-13,1217.050048828125,1228.0,1212.0,1216.0999755859375,8511216,1248.3400146484375,1256.2200073242188,-0.03699586733986369,16.0,24.83001708984375,-0.9500732421875,0.5,1219.0
2025-02-14,1219.0,1224.0,1205.449951171875,1217.25,10298145,1236.910009765625,1251.610009765625,0.0945666011964517,18.550048828125,23.73001708984375,-1.75,2.9000244140625,1211.0999755859375
2025-02-17,1211.0999755859375,1227.5,1204.5,1224.9000244140625,8166683,1226.2300048828124,1247.6200073242187,0.628467809740193,23.0,24.18502197265625,13.800048828125,-6.1500244140625,1224.8499755859375
2025-02-18,1224.8499755859375,1229.9000244140625,1216.0999755859375,1225.4000244140625,6673250,1218.289990234375,1245.3,0.04081965793405692,13.800048828125,21.34501953125,0.550048828125,-0.050048828125,1219.5
2025-02-19,1219.5,1232.75,1217.550048828125,1227.449951171875,6217338,1218.3,1238.9849975585937,0.1672863323789057,15.199951171875,21.485009765625,7.949951171875,-5.9000244140625,1223.949951171875
2025-02-20,1223.949951171875,1239.3499755859375,1222.0,1233.0,7795582,1219.67998046875,1234.0099975585938,0.4521609066688413,17.3499755859375,21.4550048828125,9.050048828125,-3.5,1228.699951171875
2025-02-21,1228.699951171875,1240.0,1222.1500244140625,1228.1500244140625,6904025,1221.619970703125,1229.264990234375,-0.39334757387976477,17.8499755859375,21.07000732421875,-0.5499267578125,-4.300048828125,1216.550048828125
2025-02-24,1216.550048828125,1223.25,1210.5,1214.550048828125,7172498,1222.7099853515624,1224.4699951171874,-1.1073545833641867,12.75,20.25001220703125,-2.0,-11.5999755859375,1211.0
2025-02-25,1211.0,1221.0,1201.5,1204.0,11552182,1219.939990234375,1219.114990234375,-0.8686384590165186,19.5,18.7550048828125,-7.0,-3.550048828125,1212.800048828125
2025-02-27,1212.800048828125,1215.0,1200.6500244140625,1207.0999755859375,11509215,1218.6,1218.45,0.2574730553104236,14.3499755859375,16.83499755859375,-5.7000732421875,8.800048828125,1202.0
2025-02-28,1202.0,1217.3499755859375,1193.300048828125,1200.0999755859375,23007298,1214.210009765625,1216.9449951171875,-0.5799022567788666,24.0499267578125,17.639990234375,-1.9000244140625,-5.0999755859375,1204.0
2025-03-03,1204.0,1206.449951171875,1156.0,1171.25,17944938,1209.27001953125,1215.4449951171875,-2.403964350707679,50.449951171875,20.82998046875,-32.75,3.9000244140625,1162.199951171875
2025-03-04,1162.199951171875,1174.0,1159.550048828125,1161.9000244140625,11377373,1198.4,1210.5549926757812,-0.7982903381803628,14.449951171875,19.9749755859375,-0.2999267578125,-9.050048828125,1161.0
2025-03-05,1161.0,1183.0,1157.0,1175.5999755859375,8664095,1188.4,1204.1699951171875,1.1790989658326054,26.0,21.194970703125,14.5999755859375,-0.9000244140625,1197.0
2025-03-06,1197.0,1213.949951171875,1185.1500244140625,1209.5999755859375,14468014,1185.239990234375,1201.9199951171875,2.8921402437979693,28.7999267578125,22.55496826171875,12.5999755859375,21.4000244140625,1216.0
2025-03-07,1216.0,1254.800048828125,1212.0,1249.800048828125,16474965,1188.039990234375,1201.125,3.323418820566224,42.800048828125,25.0999755859375,33.800048828125,6.4000244140625,1245.0
2025-03-10,1245.0,1258.0,1235.4000244140625,1238.4000244140625,11931051,1196.239990234375,1202.7550048828125,-0.9121478611520085,22.5999755859375,25.5749755859375,-6.5999755859375,-4.800048828125,1240.0
2025-03-11,1240.0,1249.5,1229.75,1247.300048828125,10089838,1211.8,1205.1,0.7186712078977441,19.75,26.2749755859375,7.300048828125,1.5999755859375,1258.0
2025-03-12,1258.0,1263.0,1244.0,1257.050048828125,11977555,1231.2,1209.8,0.781688416444817,19.0,26.2249755859375,-0.949951171875,10.699951171875,1260.050048828125
2025-03-13,1260.050048828125,1264.1500244140625,1243.8499755859375,1247.9000244140625,9505270,1243.810009765625,1214.525,-0.7278965879355829,20.300048828125,26.81998291015625,-12.1500244140625,3.0,1242.1500244140625
2025-03-17,1242.1500244140625,1257.4000244140625,1233.0999755859375,1238.8499755859375,16640917,1249.0400146484376,1218.5400024414062,-0.7252222654915285,24.300048828125,26.8449951171875,-3.300048828125,-5.75,1238.8499755859375
2025-03-18,1238.8499755859375,1238.8499755859375,1238.8499755859375,1238.8499755859375,0,1247.810009765625,1222.025,0.0,0.0,21.8,0.0,0.0,1241.050048828125
2025-03-19,1241.050048828125,1253.25,1238.800048828125,1247.1500244140625,16162399,1248.02001953125,1229.910009765625,0.6699801422040094,14.449951171875,21.8,6.0999755859375,2.2000732421875,1251.8499755859375
2025-03-20,1251.8499755859375,1273.0,1250.050048828125,1269.1500244140625,15971477,1246.7900146484376,1238.9950073242187,1.7640219355595221,22.949951171875,21.4949951171875,17.300048828125,4.699951171875,1275.0
2025-03-21,1275.0,1281.0,1270.0999755859375,1276.3499755859375,21780769,1249.7800048828126,1246.7950073242187,0.5673049705214364,10.9000244140625,19.7050048828125,1.3499755859375,5.8499755859375,1291.0
2025-03-24,1291.0,1306.0,1284.25,1302.0999755859375,20299319,1259.55,1254.2950073242187,2.0174717352251976,21.75,17.6,11.0999755859375,14.6500244140625,1307.699951171875
2025-03-25,1307.699951171875,1307.699951171875,1282.5999755859375,1285.449951171875,13713899,1273.3199951171875,1260.5650024414062,-1.278705531544925,25.0999755859375,17.85,-22.25,5.5999755859375,1291.0
2025-03-26,1291.0,1293.800048828125,1268.75,1273.050048828125,12074747,1283.3099853515625,1265.6650024414062,-0.9646351717113281,25.050048828125,18.3800048828125,-17.949951171875,5.550048828125,1278.1500244140625
2025-03-27,1278.1500244140625,1285.0,1271.300048828125,1278.199951171875,15028056,1288.5699951171875,1267.6800048828125,0.40453259072497705,13.699951171875,17.85,0.0499267578125,5.0999755859375,1280.0
2025-03-28,1280.0,1295.75,1269.0,1275.0999755859375,18147129,1289.5699951171875,1269.675,-0.24252665501163498,26.75,18.4949951171875,-4.9000244140625,1.800048828125,1264.5999755859375
2025-04-01,1264.5999755859375,1277.9000244140625,1249.300048828125,1252.5999755859375,12099648,1284.289990234375,1271.9199951171875,-1.7645675186889354,28.5999755859375,18.92498779296875,-12.0,-10.5,1247.550048828125
2025-04-02,1247.550048828125,1255.550048828125,1243.9000244140625,1251.1500244140625,10142590,1272.260009765625,1272.7900024414062,-0.11575532493498142,11.6500244140625,20.089990234375,3.5999755859375,-5.0499267578125,1233.050048828125
2025-04-03,1233.050048828125,1251.800048828125,1233.050048828125,1248.699951171875,7434366,1260.67001953125,1271.9900024414062,-0.19582569591004212,18.75,20.5199951171875,15.64990234375,-18.0999755859375,1241.0999755859375
2025-04-04,1241.0999755859375,1245.449951171875,1193.1500244140625,1204.699951171875,17908652,1253.260009765625,1270.9150024414062,-3.5236647489820956,52.2999267578125,23.45499267578125,-36.4000244140625,-7.5999755859375,1132.199951171875
2025-04-07,1132.199951171875,1171.25,1114.8499755859375,1165.699951171875,22156106,1223.7,1256.6349975585938,-3.2373206259419742,56.4000244140625,28.00499267578125,33.5,-72.5,1172.0
2025-04-08,1172.0,1196.5999755859375,1163.300048828125,1182.199951171875,19555040,1205.1800048828125,1244.7349975585937,1.4154585820658734,33.2999267578125,29.1599853515625,10.199951171875,6.300048828125,1169.5
2025-04-09,1169.5,1189.800048828125,1168.0,1185.3499755859375,10223104,1189.5699951171875,1230.9150024414062,0.2664544530677731,21.800048828125,28.82999267578125,15.8499755859375,-12.699951171875,1195.1500244140625
2025-04-11,1195.1500244140625,1222.6500244140625,1195.1500244140625,1218.949951171875,11224242,1181.989990234375,1221.3300048828125,2.834603811361998,27.5,29.07498779296875,23.7999267578125,9.800048828125,1251.0
2025-04-15,1251.0,1251.0,1237.0999755859375,1240.0999755859375,13378535,1183.9699951171874,1218.6150024414062,1.7351019534255097,13.9000244140625,29.0949951171875,-10.9000244140625,32.050048828125,1234.0999755859375
2025-04-16,1234.0999755859375,1240.9000244140625,1229.0,1239.300048828125,8248464,1204.35,1214.025,-0.06450502165638225,11.9000244140625,27.60999755859375,5.2000732421875,-6.0,1240.199951171875
2025-04-17,1240.199951171875,1280.199951171875,1227.5999755859375,1274.5,15398401,1217.989990234375,1211.5849975585938,2.8403090280808,52.5999755859375,30.00999755859375,34.300048828125,0.89990234375,1270.0
2025-04-21,1270.0,1300.9000244140625,1267.0,1295.5,10429964,1238.089990234375,1213.8299926757813,1.647704982346018,33.9000244140625,32.23499755859375,25.5,-4.5,1300.0
2025-04-22,1300.0,1303.9000244140625,1286.300048828125,1291.199951171875,13051707,1259.0599853515625,1220.5249877929687,-0.33192194736588193,17.5999755859375,32.1199951171875,-8.800048828125,4.5,1297.0
2025-04-23,1297.0,1306.0,1285.4000244140625,1300.0,10480888,1268.2599853515626,1226.114990234375,0.6815403625238833,20.5999755859375,28.95,3.0,5.800048828125,1292.4000244140625
2025-04-24,1292.4000244140625,1304.5,1290.300048828125,1301.5999755859375,10468940,1279.9199951171875,1242.1349975585938,0.12307504507211538,14.199951171875,24.72999267578125,9.199951171875,-7.5999755859375,1303.5
2025-04-25,1303.5,1325.199951171875,1288.0999755859375,1300.4000244140625,14431012,1292.5800048828125,1255.2849975585937,-0.09219047283208663,37.0999755859375,25.10999755859375,-3.0999755859375,1.9000244140625,1340.0
2025-04-28,1340.0,1374.5999755859375,1320.199951171875,1368.800048828125,31104496,1306.5800048828125,1272.3349975585938,5.259921803283751,54.4000244140625,28.3699951171875,28.800048828125,39.5999755859375,1371.0
2025-04-29,1371.0,1410.9000244140625,1370.0,1399.699951171875,32538970,1320.7800048828126,1289.9199951171875,2.257444567612664,40.9000244140625,29.70999755859375,28.699951171875,2.199951171875,1402.0
2025-04-30,1402.0,1412.4000244140625,1369.0,1405.0,25480745,1341.7800048828126,1305.0199951171876,0.37865607008756585,43.4000244140625,32.65999755859375,3.0,2.300048828125,1414.0
2025-05-02,1414.0,1426.699951171875,1409.0999755859375,1419.800048828125,13007841,1366.1,1323.0099975585938,1.0533842582295374,17.5999755859375,33.22999267578125,5.800048828125,9.0,1431.0
2025-05-05,1431.0,1439.5,1426.9000244140625,1431.300048828125,12685649,1391.6,1342.0900024414063,0.8099732078113304,12.5999755859375,29.22999267578125,0.300048828125,11.199951171875,1431.0
2025-05-06,1431.0,1432.0,1410.5999755859375,1420.9000244140625,14084117,1409.8,1358.1900024414062,-0.7266138516922085,21.4000244140625,27.97999267578125,-10.0999755859375,-0.300048828125,1420.9000244140625
2025-05-07,1420.9000244140625,1424.4000244140625,1402.699951171875,1406.0,13440169,1419.7800048828126,1370.2800048828126,-1.0486328494650305,21.7000732421875,28.39000244140625,-14.9000244140625,0.0,1404.0999755859375
2025-05-08,1404.0999755859375,1420.800048828125,1398.0,1407.0,16106175,1420.2,1380.9900024414062,0.07112375533428165,22.800048828125,28.610009765625,2.9000244140625,-1.9000244140625,1385.5
2025-05-09,1385.5,1394.800048828125,1374.5,1377.199951171875,13668904,1414.5,1390.3,-2.1179849913379534,20.300048828125,29.22001953125,-8.300048828125,-21.5,1400.0
2025-05-12,1400.0,1439.0,1400.0,1436.5,10674081,1408.3,1399.95,4.3058416301616855,39.0,29.41002197265625,36.5,22.800048828125,1433.5
2025-05-13,1433.5,1447.699951171875,1412.4000244140625,1415.699951171875,11407896,1408.8,1409.3,-1.4479672000087018,35.2999267578125,27.50001220703125,-17.800048828125,-3.0,1420.0
2025-05-14,1420.0,1429.9000244140625,1415.5,1424.4000244140625,5570160,1408.6199951171875,1414.2,0.6145421729361391,14.4000244140625,24.85001220703125,4.4000244140625,4.300048828125,1425.0
2025-05-15,1425.0,1461.4000244140625,1412.699951171875,1454.199951171875,20177211,1412.8,1416.5,2.092103780331717,48.7000732421875,25.38001708984375,29.199951171875,0.5999755859375,1453.199951171875
2025-05-16,1453.199951171875,1461.0,1447.300048828125,1456.4000244140625,9036695,1426.339990234375,1420.4199951171875,0.15129097208499828,13.699951171875,24.9900146484375,3.2000732421875,-1.0,1452.0999755859375
2025-05-19,1452.0999755859375,1454.5999755859375,1438.199951171875,1440.800048828125,6195791,1436.7599853515626,1422.5299926757812,-1.0711326094775142,16.4000244140625,25.37001953125,-11.2999267578125,-4.300048828125,1438.199951171875
2025-05-20,1438.199951171875,1445.0,1421.800048828125,1424.5999755859375,11270560,1437.6999755859374,1423.2499877929688,-1.1243803923635227,23.199951171875,25.55001220703125,-13.5999755859375,-2.60009765625,1423.9000244140625
2025-05-21,1423.9000244140625,1436.199951171875,1418.0999755859375,1429.199951171875,6136364,1438.47998046875,1423.5499877929688,0.32289594726726933,18.0999755859375,25.19000244140625,5.2999267578125,-0.699951171875,1421.199951171875
2025-05-22,1421.199951171875,1423.800048828125,1396.9000244140625,1409.4000244140625,12134466,1437.719970703125,1425.2599853515626,-1.3853853508445417,26.9000244140625,25.6,-11.7999267578125,-8.0,1406.5999755859375
2025-05-23,1406.5999755859375,1433.800048828125,1406.5999755859375,1426.800048828125,6474883,1428.3999755859375,1427.3699829101563,1.2345696120798852,27.2000732421875,26.29000244140625,20.2000732421875,-2.800048828125,1432.0
2025-05-26,1432.0,1441.0,1425.0999755859375,1434.800048828125,4842944,1424.37998046875,1430.5699829101563,0.5606952429368535,15.9000244140625,23.9800048828125,2.800048828125,5.199951171875,1426.0999755859375
2025-05-27,1426.0999755859375,1437.0,1413.9000244140625,1422.0999755859375,12640414,1421.9599853515624,1429.82998046875,-0.8851458607462623,23.0999755859375,22.760009765625,-4.0,-8.7000732421875,1420.0999755859375
2025-05-28,1420.0999755859375,1422.5999755859375,1410.699951171875,1412.9000244140625,5944611,1421.1999755859374,1429.8399780273437,-0.6469271731816472,11.9000244140625,22.510009765625,-7.199951171875,-2.0,1412.0999755859375
2025-05-29,1412.0999755859375,1420.0,1408.5999755859375,1417.800048828125,13771917,1419.37998046875,1428.5499755859375,0.34680616670627973,11.4000244140625,18.7800048828125,5.7000732421875,-0.800048828125,1418.0
2025-05-30,1418.0,1430.5999755859375,1409.699951171875,1420.9000244140625,13788484,1421.6599853515625,1425.02998046875,0.21864688102527352,20.9000244140625,19.50001220703125,2.9000244140625,0.199951171875,1412.0999755859375
2025-06-02,1412.0999755859375,1417.5,1395.5999755859375,1413.699951171875,8098668,1417.67998046875,1421.02998046875,-0.5067262381923456,21.9000244140625,20.05001220703125,1.5999755859375,-8.800048828125,1422.300048828125
2025-06-03,1422.300048828125,1426.5,1403.4000244140625,1405.5,11252626,1416.9199951171875,1419.439990234375,-0.5800347637472659,23.0999755859375,20.0400146484375,-16.800048828125,8.60009765625,1414.699951171875
2025-06-04,1414.699951171875,1425.699951171875,1406.0999755859375,1423.5,8126827,1415.839990234375,1418.5199829101562,1.2806830309498398,19.5999755859375,20.1900146484375,8.800048828125,9.199951171875,1428.0
2025-06-05,1428.0,1454.699951171875,1423.5999755859375,1442.4000244140625,13716817,1419.0199951171876,1419.1999877929688,1.3277150975807868,31.0999755859375,20.610009765625,14.4000244140625,4.5,1441.0
2025-06-06,1441.0,1451.5,1437.0,1443.5,8182161,1423.6199951171875,1422.639990234375,0.07626009202158301,14.5,19.34000244140625,2.5,-1.4000244140625,1457.0
2025-06-09,1457.0,1457.5,1445.300048828125,1448.800048828125,7885125,1432.6,1425.139990234375,0.3671665277537236,12.199951171875,18.9699951171875,-8.199951171875,13.5,1450.0
2025-06-10,1450.0,1453.9000244140625,1436.0,1438.5,7913181,1438.139990234375,1427.5299926757812,-0.710936532370791,17.9000244140625,18.45,-11.5,1.199951171875,1445.800048828125
2025-06-11,1445.800048828125,1468.5999755859375,1443.0999755859375,1448.9000244140625,8195700,1444.360009765625,1430.1,0.7229770187043796,25.5,19.80999755859375,3.0999755859375,7.300048828125,1453.5
2025-06-12,1453.5,1457.0,1434.4000244140625,1441.5999755859375,8828114,1449.460009765625,1434.2400024414062,-0.5038338536212774,22.5999755859375,20.92999267578125,-11.9000244140625,4.5999755859375,1424.0
2025-06-13,1424.0,1435.5,1414.300048828125,1427.9000244140625,9757276,1446.060009765625,1434.8400024414063,-0.9503295923896408,21.199951171875,20.9599853515625,3.9000244140625,-17.5999755859375,1426.9000244140625
2025-06-16,1426.9000244140625,1442.4000244140625,1424.4000244140625,1437.800048828125,8458093,1440.0400146484376,1436.3200073242188,0.6933275610892272,18.0,20.56998291015625,10.9000244140625,-1.0,1448.0
2025-06-17,1448.0,1448.0,1425.800048828125,1431.199951171875,10366599,1439.6400146484375,1438.8900024414063,-0.45904141272142757,22.199951171875,20.47998046875,-16.800048828125,10.199951171875,1430.0
2025-06-18,1430.0,1442.800048828125,1425.699951171875,1430.0999755859375,6681735,1436.4800048828124,1440.4200073242187,-0.07685687698890944,17.10009765625,20.22999267578125,0.0999755859375,-1.199951171875,1430.0999755859375
2025-06-19,1430.0999755859375,1439.9000244140625,1425.699951171875,1433.300048828125,10007230,1431.8,1440.6300048828125,0.22376570147666586,14.2000732421875,18.54000244140625,3.2000732421875,0.0,1431.0
2025-06-20,1431.0,1471.0,1428.0999755859375,1466.199951171875,29010635,1433.2,1439.6300048828125,2.29539532707399,42.9000244140625,21.3800048828125,35.199951171875,-2.300048828125,1453.0
2025-06-23,1453.0,1463.800048828125,1442.0,1456.800048828125,5989078,1438.4199951171875,1439.2300048828124,-0.6411064422855173,21.800048828125,22.3400146484375,3.800048828125,-13.199951171875,1465.0
2025-06-24,1465.0,1475.0,1443.0999755859375,1450.800048828125,16402744,1441.8199951171875,1440.7300048828124,-0.4118616006930054,31.9000244140625,23.7400146484375,-14.199951171875,8.199951171875,1464.0
2025-06-25,1464.0,1472.4000244140625,1460.5,1467.300048828125,7525851,1448.6199951171875,1442.55,1.1373035183813078,11.9000244140625,22.38001708984375,3.300048828125,13.199951171875,1469.0999755859375
2025-06-26,1469.0999755859375,1498.800048828125,1465.0999755859375,1495.300048828125,14657893,1456.4199951171875,1444.1099975585937,1.9082668212518976,33.7000732421875,23.49002685546875,26.2000732421875,1.7999267578125,1499.4000244140625
2025-06-27,1499.4000244140625,1522.0,1496.9000244140625,1515.4000244140625,11117052,1470.1,1451.65,1.3442101872256316,25.0999755859375,23.880029296875,16.0,4.0999755859375,1513.800048828125
2025-06-30,1513.800048828125,1524.800048828125,1496.0,1500.5999755859375,8409527,1482.260009765625,1460.3400024414063,-0.9766430374611824,28.800048828125,24.9600341796875,-13.2000732421875,-1.5999755859375,1500.5999755859375
2025-07-01,1500.5999755859375,1531.4000244140625,1500.0999755859375,1528.4000244140625,10368523,1489.3800048828125,1465.6,1.8525955804624044,31.300048828125,25.8700439453125,27.800048828125,0.0,1528.4000244140625
2025-07-02,1528.4000244140625,1530.0,1508.699951171875,1518.800048828125,6361002,1502.260009765625,1475.4400024414062,-0.6281062177827307,21.300048828125,26.2900390625,-9.5999755859375,0.0,1520.800048828125
2025-07-03,1520.800048828125,1531.9000244140625,1513.0,1517.800048828125,11283291,1512.6000244140625,1484.510009765625,-0.06584145166255291,18.9000244140625,26.7600341796875,-3.0,2.0,1524.0
2025-07-04,1524.0,1530.0,1517.199951171875,1527.300048828125,6603501,1517.52001953125,1493.810009765625,0.6259058963224329,12.800048828125,23.75003662109375,3.300048828125,6.199951171875,1526.5999755859375
2025-07-07,1526.5999755859375,1544.800048828125,1525.0,1541.5,7251074,1520.0800048828125,1501.1700073242187,0.9297420754206362,19.800048828125,23.55003662109375,14.9000244140625,-0.7000732421875,1536.0
2025-07-08,1536.0,1544.9000244140625,1530.199951171875,1537.5999755859375,7171261,1527.160009765625,1508.2700073242188,-0.2530019081454752,14.7000732421875,21.83004150390625,1.5999755859375,-5.5,1536.699951171875
2025-07-09,1536.699951171875,1551.0,1510.0999755859375,1519.0,8870660,1528.8199951171875,1515.5400024414062,-1.2096758507588785,40.9000244140625,24.73004150390625,-17.699951171875,-0.9000244140625,1519.699951171875
2025-07-10,1519.699951171875,1524.699951171875,1507.5,1517.199951171875,10047129,1528.5999755859375,1520.6,-0.11850222699967083,17.199951171875,23.080029296875,-2.5,0.699951171875,1512.0
2025-07-11,1512.0,1515.0,1490.300048828125,1495.199951171875,7234991,1526.1999755859374,1521.8599975585937,-1.4500395931997856,24.699951171875,23.04002685546875,-16.800048828125,-5.199951171875,1492.199951171875
2025-07-14,1492.199951171875,1500.0,1479.0999755859375,1483.699951171875,10311846,1519.319970703125,1519.6999877929688,-0.7691279009865392,20.9000244140625,22.2500244140625,-8.5,-3.0,1486.199951171875
2025-07-15,1486.199951171875,1496.5,1482.4000244140625,1485.4000244140625,8132454,1509.3599609375,1518.2599853515626,0.11458335904403895,14.0999755859375,20.53001708984375,-0.7999267578125,2.5,1473.0
2025-07-16,1473.0,1491.0,1471.5,1485.5999755859375,10409983,1496.619970703125,1512.7199829101562,0.01346109927215557,19.5,20.35001220703125,12.5999755859375,-12.4000244140625,1487.4000244140625
2025-07-17,1487.4000244140625,1489.5999755859375,1473.9000244140625,1476.4000244140625,11854613,1490.1599853515625,1509.37998046875,-0.6192751294470394,15.699951171875,20.0300048828125,-11.0,1.800048828125,1484.800048828125
2025-07-18,1484.800048828125,1484.800048828125,1469.0999755859375,1476.0,10296318,1484.7199951171874,1505.4599853515624,-0.027094581918694922,15.7000732421875,20.32000732421875,-8.800048828125,8.4000244140625,1465.0
2025-07-21,1465.0,1476.0,1423.0999755859375,1428.5999755859375,22442744,1479.2800048828126,1499.2999877929688,-3.211383767890413,52.9000244140625,23.6300048828125,-36.4000244140625,-11.0,1427.4000244140625
2025-07-22,1427.4000244140625,1431.9000244140625,1410.699951171875,1412.800048828125,20396320,1467.52001953125,1488.439990234375,-1.1059727724923272,21.2000732421875,24.2800048828125,-14.5999755859375,-1.199951171875,1426.0
2025-07-23,1426.0,1426.0,1414.4000244140625,1424.5999755859375,8354596,1458.12001953125,1477.3699951171875,0.8352156249994599,11.5999755859375,21.35,-1.4000244140625,13.199951171875,1419.199951171875
2025-07-24,1419.199951171875,1423.0,1396.0,1402.9000244140625,14740507,1444.4800048828124,1467.3199951171875,-1.523231190773383,27.0,22.3300048828125,-16.2999267578125,-5.4000244140625,1398.9000244140625
2025-07-25,1398.9000244140625,1401.0,1384.0999755859375,1391.699951171875,11854722,1427.3,1456.0099975585938,-0.7983514895771238,16.9000244140625,21.55001220703125,-7.2000732421875,-4.0,1392.300048828125
2025-07-28,1392.300048828125,1407.800048828125,1385.0,1387.5999755859375,7748361,1412.760009765625,1446.0200073242188,-0.2946019781408437,22.800048828125,21.7400146484375,-4.7000732421875,0.60009765625,1383.0
2025-07-29,1383.0,1420.199951171875,1383.0,1417.0999755859375,10750072,1403.8800048828125,1435.7000122070312,2.125972940259179,37.199951171875,24.05001220703125,34.0999755859375,-4.5999755859375,1418.0999755859375
2025-07-30,1418.0999755859375,1423.300048828125,1401.300048828125,1410.0999755859375,7209849,1402.3,1430.210009765625,-0.49396655991795246,22.0,24.30001220703125,-8.0,1.0,1388.0999755859375
2025-07-31,1388.0999755859375,1402.5999755859375,1382.199951171875,1390.199951171875,17065827,1396.0800048828125,1420.2800048828126,-1.4112491850652973,20.4000244140625,24.77001953125,2.0999755859375,-22.0,1386.9000244140625
2025-08-01,1386.9000244140625,1405.9000244140625,1384.300048828125,1393.699951171875,10321171,1393.6800048828125,1410.4900024414062,0.25176234519715385,21.5999755859375,25.360009765625,6.7999267578125,-3.2999267578125,1395.0999755859375
2025-08-04,1395.0999755859375,1416.0999755859375,1391.699951171875,1411.5,6312820,1394.239990234375,1403.5,1.2771794110459753,24.4000244140625,22.510009765625,16.4000244140625,1.4000244140625,1411.0
2025-08-05,1411.0,1411.0,1388.0999755859375,1391.699951171875,9315972,1399.839990234375,1401.8599975585937,-1.4027664773733617,22.9000244140625,22.6800048828125,-19.300048828125,-0.5,1391.9000244140625
2025-08-06,1391.9000244140625,1395.9000244140625,1383.300048828125,1392.800048828125,5834312,1394.6,1398.45,0.07904704281434138,12.5999755859375,22.7800048828125,0.9000244140625,0.2000732421875,1387.699951171875
2025-08-07,1387.699951171875,1393.699951171875,1366.0,1389.4000244140625,9976705,1394.5199951171876,1395.3,-0.24411432329595442,27.699951171875,22.85,1.7000732421875,-5.10009765625,1385.0
2025-08-08,1385.0,1397.199951171875,1365.0,1367.800048828125,8793606,1394.139990234375,1393.9099975585937,-1.554626112450706,32.199951171875,24.37999267578125,-17.199951171875,-4.4000244140625,1370.0
2025-08-11,1370.0,1388.0,1361.199951171875,1386.199951171875,9997486,1389.1199951171875,1391.6799926757812,1.3452187225402046,26.800048828125,24.77999267578125,16.199951171875,2.199951171875,1381.9000244140625
2025-08-12,1381.9000244140625,1401.9000244140625,1375.199951171875,1380.4000244140625,12244664,1383.3,1391.5699951171875,-0.4184047729124012,26.7000732421875,23.7300048828125,-1.5,-4.2999267578125,1388.0
2025-08-13,1388.0,1391.800048828125,1377.5,1382.5999755859375,7457021,1382.5199951171876,1388.5599975585938,0.15937055440206993,14.300048828125,22.960009765625,-5.4000244140625,7.5999755859375,1377.300048828125
2025-08-14,1377.300048828125,1380.699951171875,1370.0999755859375,1373.800048828125,7126128,1380.4400146484375,1387.4800048828124,-0.6364767042674903,10.5999755859375,21.9800048828125,-3.5,-5.2999267578125,1390.0
2025-08-18,1390.0,1394.9000244140625,1377.0,1381.699951171875,11785109,1381.4400146484375,1387.7900024414062,0.5750401851047211,17.9000244140625,21.610009765625,-8.300048828125,16.199951171875,1390.0
2025-08-19,1390.0,1421.0,1389.0999755859375,1420.0999755859375,14384719,1385.4400146484375,1387.2800048828126,2.779186927052715,31.9000244140625,22.360009765625,30.0999755859375,8.300048828125,1413.0
2025-08-20,1413.0,1424.9000244140625,1410.0,1413.0,8725641,1391.660009765625,1387.4800048828124,-0.49996308062804024,14.9000244140625,21.560009765625,0.0,-7.0999755859375,1425.0
2025-08-21,1425.0,1431.9000244140625,1420.300048828125,1424.800048828125,11021323,1399.060009765625,1390.7900024414062,0.8351060741772824,11.5999755859375,21.460009765625,-0.199951171875,12.0,1420.0
2025-08-22,1420.0,1423.4000244140625,1407.9000244140625,1409.199951171875,5818868,1407.6,1394.0200073242188,-1.0948973274587426,15.5,20.2400146484375,-10.800048828125,-4.800048828125,1414.699951171875
2025-08-25,1414.699951171875,1419.5,1405.699951171875,1412.5999755859375,5979407,1412.539990234375,1396.9900024414062,0.2412733843224361,13.800048828125,18.4000244140625,-2.0999755859375,5.5,1408.0
2025-08-26,1408.0,1410.0,1381.5999755859375,1384.9000244140625,12145259,1416.139990234375,1400.7900024414062,-1.9609196977640635,28.4000244140625,18.56002197265625,-23.0999755859375,-4.5999755859375,1389.9000244140625
2025-08-28,1389.9000244140625,1392.199951171875,1366.5,1385.9000244140625,13161813,1411.5199951171876,1401.5900024414063,0.07220737832126836,25.699951171875,18.460009765625,-4.0,5.0,1381.0999755859375
2025-08-29,1381.0999755859375,1403.5,1350.0,1357.199951171875,18758842,1402.739990234375,1400.9,-2.0708617314817825,53.5,22.3800048828125,-23.9000244140625,-4.800048828125,1356.0
2025-09-01,1356.0,1363.199951171875,1340.5999755859375,1353.9000244140625,11232238,1389.939990234375,1398.7699951171876,-0.24314226912277564,22.5999755859375,23.5800048828125,-2.0999755859375,-1.199951171875,1354.800048828125
2025-09-02,1354.800048828125,1384.5,1354.5,1366.5,11517006,1377.960009765625,1395.25,0.930642983878406,30.0,24.79000244140625,11.699951171875,0.9000244140625,1369.699951171875
2025-09-03,1369.699951171875,1376.5,1360.5,1372.5999755859375,7847563,1370.3,1393.2199951171874,0.44639411532656426,16.0,23.2,2.9000244140625,3.199951171875,1371.800048828125
2025-09-04,1371.800048828125,1374.0,1357.0999755859375,1359.300048828125,13223177,1366.6800048828125,1389.1,-0.9689586911244848,16.9000244140625,23.4,-12.5,-0.7999267578125,1363.0
2025-09-05,1363.0,1381.0,1359.300048828125,1375.0,5777575,1363.060009765625,1382.9,1.1550026195769054,21.699951171875,24.40999755859375,12.0,3.699951171875,1380.0
2025-09-08,1380.0,1386.0,1372.4000244140625,1378.5,6986720,1367.860009765625,1378.9,0.2545454545454546,13.5999755859375,24.2199951171875,-1.5,5.0,1376.5999755859375
2025-09-09,1376.5999755859375,1381.199951171875,1368.699951171875,1376.199951171875,9754452,1372.2199951171874,1375.0900024414063,-0.16685156533369605,12.5,24.089990234375,-0.4000244140625,-1.9000244140625,1383.9000244140625
2025-09-10,1383.9000244140625,1388.5,1374.0999755859375,1377.0,7790815,1375.060009765625,1372.6800048828125,0.05813463570055607,14.4000244140625,22.689990234375,-6.9000244140625,7.7000732421875,1376.0
2025-09-11,1376.0,1385.5,1375.0,1383.300048828125,9766072,1375.9,1371.2900024414062,0.45751988584785763,10.5,21.1699951171875,7.300048828125,-1.0,1383.300048828125
2025-09-12,1383.300048828125,1396.300048828125,1380.5,1395.0,7403368,1379.960009765625,1371.510009765625,0.8457999536533465,15.800048828125,17.4,11.699951171875,0.0,1393.0
2025-09-15,1393.0,1400.800048828125,1388.5999755859375,1399.300048828125,5396697,1382.560009765625,1375.210009765625,0.3082472278225806,12.2000732421875,16.360009765625,6.300048828125,-2.0,1404.699951171875
2025-09-16,1404.699951171875,1408.0,1398.199951171875,1405.300048828125,8686961,1388.1800048828125,1380.2,0.4287858065198264,9.800048828125,14.3400146484375,0.60009765625,5.39990234375,1407.0
2025-09-17,1407.0,1416.199951171875,1406.9000244140625,1413.800048828125,7519417,1392.8,1383.9300048828125,0.6048530352708749,9.2999267578125,13.67000732421875,6.800048828125,1.699951171875,1420.4000244140625
2025-09-18,1420.4000244140625,1422.0,1410.699951171875,1415.0,9332642,1401.6800048828125,1388.7900024414062,0.08487417813216369,11.300048828125,13.110009765625,-5.4000244140625,6.5999755859375,1414.9000244140625
2025-09-19,1414.9000244140625,1417.0,1403.5999755859375,1407.4000244140625,13461373,1408.0,1393.9800048828124,-0.5371007481227915,13.4000244140625,12.28001708984375,-7.5,-0.0999755859375,1403.9000244140625
2025-09-22,1403.9000244140625,1410.699951171875,1388.0,1390.5999755859375,7757970,1410.1800048828125,1396.3700073242187,-1.1936939417859753,22.699951171875,13.1900146484375,-13.300048828125,-3.5,1391.0
2025-09-23,1391.0,1395.0,1376.800048828125,1389.800048828125,14014702,1407.4400146484375,1397.810009765625,-0.05752385818038334,18.199951171875,13.760009765625,-1.199951171875,0.4000244140625,1385.300048828125
2025-09-24,1385.300048828125,1396.0,1380.4000244140625,1383.0,5922759,1403.1000244140625,1397.9500122070312,-0.4892825290845816,15.5999755859375,13.8800048828125,-2.300048828125,-4.5,1381.300048828125
2025-09-25,1381.300048828125,1384.5,1369.0,1372.4000244140625,11411143,1395.280029296875,1398.4800170898438,-0.7664479816296095,15.5,14.3800048828125,-8.9000244140625,-1.699951171875,1372.0
2025-09-26,1372.0,1382.699951171875,1366.0,1377.5999755859375,9879109,1386.7000244140625,1397.3500122070313,0.3788947157804873,16.699951171875,14.4699951171875,5.5999755859375,-0.4000244140625,1381.5999755859375
2025-09-29,1381.5999755859375,1389.0,1368.0,1372.800048828125,14231999,1382.2400146484374,1396.210009765625,-0.3484267452727659,21.0,15.34998779296875,-8.7999267578125,4.0,1377.0999755859375
2025-09-30,1377.0999755859375,1377.0999755859375,1362.800048828125,1364.0,14604684,1379.460009765625,1393.4500122070312,-0.6410291750526277,14.2999267578125,15.7999755859375,-13.0999755859375,4.2999267578125,1367.0
2025-10-01,1367.0,1378.5999755859375,1362.699951171875,1368.699951171875,12045916,1375.8,1389.4500122070312,0.3445712002840909,15.9000244140625,16.4599853515625,1.699951171875,3.0,1363.199951171875
2025-10-03,1363.199951171875,1371.5999755859375,1356.9000244140625,1363.4000244140625,12842347,1372.17998046875,1383.7300048828124,-0.3872234198061252,14.699951171875,16.7999755859375,0.2000732421875,-5.5,1360.0
2025-10-06,1360.0,1377.4000244140625,1359.0,1375.0,12396580,1369.77998046875,1378.2400024414062,0.8508123352075433,18.4000244140625,17.2999755859375,15.0,-3.4000244140625,1376.0
2025-10-07,1376.0,1395.9000244140625,1375.9000244140625,1384.800048828125,11244040,1368.6599853515625,1375.45,0.7127308238636364,20.0,17.02998046875,8.800048828125,1.0,1384.800048828125
2025-10-08,1384.800048828125,1389.0,1364.5,1367.4000244140625,8525081,1370.2,1374.8300048828125,-1.2565008521473637,24.5,17.6599853515625,-17.4000244140625,0.0,1374.0
2025-10-09,1374.0,1380.0,1369.0999755859375,1377.800048828125,8826633,1371.6,1373.7,0.7605692722229518,10.9000244140625,17.189990234375,3.800048828125,6.5999755859375,1377.800048828125
2025-10-10,1377.800048828125,1388.0,1375.0999755859375,1381.699951171875,6373084,1374.52001953125,1373.35,0.2830528527754826,12.9000244140625,16.92999267578125,3.89990234375,0.0,1376.9000244140625
2025-10-13,1376.9000244140625,1377.699951171875,1367.800048828125,1375.0,7600682,1377.9000244140625,1373.8400024414063,-0.48490637682895643,9.89990234375,16.24998779296875,-1.9000244140625,-4.7999267578125,1380.0
2025-10-14,1380.0,1388.0,1370.0999755859375,1375.9000244140625,9768174,1378.7000244140625,1373.6800048828125,0.06545632102272728,17.9000244140625,15.939990234375,-4.0999755859375,5.0,1383.0
2025-10-15,1383.0,1384.0,1372.699951171875,1374.300048828125,10882743,1378.3400146484375,1374.2700073242188,-0.11628574442527986,11.300048828125,15.64000244140625,-8.699951171875,7.0999755859375,1375.0999755859375
2025-10-16,1375.0999755859375,1400.5,1375.0,1398.300048828125,12315932,1378.560009765625,1375.0800048828125,1.7463435310553153,25.5,16.6,23.2000732421875,0.7999267578125,1401.0
2025-10-17,1401.0,1423.300048828125,1399.0999755859375,1416.800048828125,19335561,1383.2,1378.860009765625,1.3230350678671805,24.2000732421875,17.55001220703125,15.800048828125,2.699951171875,1440.0
2025-10-20,1440.0,1473.800048828125,1433.300048828125,1466.800048828125,24721978,1395.8199951171875,1386.860009765625,3.529079494411113,40.5,19.760009765625,26.800048828125,23.199951171875,1468.0
2025-10-21,1468.0,1474.0,1460.0,1465.199951171875,2066169,1413.4199951171875,1396.060009765625,-0.10908764678105723,14.0,19.160009765625,-2.800048828125,1.199951171875,1475.0
2025-10-23,1475.0,1482.9000244140625,1444.5999755859375,1448.4000244140625,18707090,1431.8199951171875,1405.0800048828125,-1.146596186027431,38.300048828125,20.5400146484375,-26.5999755859375,9.800048828125,1450.0
2025-10-24,1450.0,1459.800048828125,1441.0,1451.5999755859375,9700837,1446.8,1412.6800048828125,0.2209300688992678,18.800048828125,21.33001708984375,1.5999755859375,1.5999755859375,1463.0
2025-10-27,1463.0,1485.0,1458.0,1484.0999755859375,14113867,1459.2,1421.2,2.238908827955952,27.0,22.7400146484375,21.0999755859375,11.4000244140625,1484.0999755859375
2025-10-28,1484.0999755859375,1492.0,1477.5999755859375,1486.9000244140625,17631577,1468.0199951171876,1431.9199951171875,0.1886698250917707,14.4000244140625,23.19002685546875,2.800048828125,0.0,1490.0
2025-10-29,1490.0,1508.300048828125,1488.0999755859375,1504.199951171875,11884745,1472.4199951171875,1442.9199951171875,1.1634895738622253,20.2000732421875,23.42003173828125,14.199951171875,3.0999755859375,1500.0
2025-10-30,1500.0,1503.0999755859375,1484.0,1488.5,9318663,1477.4199951171875,1454.6199951171875,-1.0437409707162708,19.0999755859375,24.2000244140625,-11.5,-4.199951171875,1490.4000244140625
2025-10-31,1490.4000244140625,1497.5,1482.300048828125,1486.4000244140625,8758053,1485.5,1466.15,-0.14107998561891164,15.199951171875,23.17001953125,-4.0,1.9000244140625,1486.0
2025-11-03,1486.0,1495.0,1479.300048828125,1484.699951171875,8452085,1490.1,1474.65,-0.11437521624487777,15.699951171875,22.32000732421875,-1.300048828125,-0.4000244140625,1483.9000244140625
2025-11-04,1483.9000244140625,1492.800048828125,1470.0999755859375,1473.0999755859375,10007806,1490.060009765625,1479.0400024414062,-0.7813010013761791,22.7000732421875,20.5400146484375,-10.800048828125,-0.7999267578125,1484.0
2025-11-06,1484.0,1501.5999755859375,1476.199951171875,1496.0999755859375,16772678,1488.860009765625,1480.6400024414063,1.5613332686976364,25.4000244140625,21.68001708984375,12.0999755859375,10.9000244140625,1494.5999755859375
2025-11-07,1494.5999755859375,1498.4000244140625,1475.9000244140625,1478.0,7821765,1487.7800048828126,1482.6,-1.2098105662256138,22.5,20.10001220703125,-16.5999755859375,-1.5,1477.9000244140625
2025-11-10,1477.9000244140625,1501.0,1475.5,1489.300048828125,7068438,1485.2800048828126,1485.3900024414063,0.7645499883711095,25.5,20.77000732421875,11.4000244140625,-0.0999755859375,1497.0
2025-11-11,1497.0,1498.800048828125,1480.199951171875,1493.4000244140625,7127506,1487.4800048828124,1488.7900024414062,0.27529547112844177,18.60009765625,19.93001708984375,-3.5999755859375,7.699951171875,1505.0
2025-11-12,1505.0,1524.699951171875,1500.0,1511.5,12384459,1491.7,1490.8800048828125,1.2119978096986472,24.699951171875,20.960009765625,6.5,11.5999755859375,1515.0
2025-11-13,1515.0,1522.0999755859375,1506.800048828125,1510.9000244140625,7196443,1497.9,1493.3800048828125,-0.03969405133559378,15.2999267578125,20.4699951171875,-4.0999755859375,3.5,1505.5
2025-11-14,1505.5,1520.9000244140625,1505.5,1518.9000244140625,7682823,1500.0800048828125,1493.9300048828125,0.5294857284222003,15.4000244140625,20.1,13.4000244140625,-5.4000244140625,1520.9000244140625
2025-11-17,1520.9000244140625,1523.699951171875,1511.5,1518.300048828125,5871416,1508.6800048828125,1496.9800048828124,-0.03950066339415257,12.199951171875,19.8,-2.5999755859375,2.0,1521.699951171875
2025-11-18,1521.699951171875,1527.800048828125,1510.5,1519.4000244140625,11045042,1513.6199951171875,1500.55,0.07244783972617917,17.300048828125,19.960009765625,-2.2999267578125,3.39990234375,1517.4000244140625
2025-11-19,1517.4000244140625,1522.300048828125,1512.0,1518.9000244140625,5692366,1516.1,1503.9,-0.03290772620546842,10.300048828125,18.72000732421875,1.5,-2.0,1530.0
2025-11-20,1530.0,1550.9000244140625,1526.699951171875,1549.0999755859375,18171724,1519.1,1508.5,1.9882777461620667,24.2000732421875,18.60001220703125,19.0999755859375,11.0999755859375,1541.0
2025-11-21,1541.0,1557.800048828125,1540.0999755859375,1546.5999755859375,9615271,1526.2,1513.1400024414063,-0.161384031979885,17.7000732421875,18.12001953125,5.5999755859375,-8.0999755859375,1550.0
2025-11-24,1550.0,1550.0,1531.800048828125,1535.9000244140625,18433951,1532.0199951171876,1520.35,-0.6918370193185389,18.199951171875,17.3900146484375,-14.0999755859375,3.4000244140625,1535.9000244140625
2025-11-25,1535.9000244140625,1559.5999755859375,1525.0999755859375,1539.699951171875,15033482,1534.860009765625,1524.2400024414062,0.24740716826683762,34.5,18.9800048828125,3.7999267578125,0.0,1542.300048828125
2025-11-26,1542.300048828125,1571.5999755859375,1540.5,1569.9000244140625,14054299,1539.8400146484375,1527.9700073242188,1.9614258751649658,31.0999755859375,19.62000732421875,27.5999755859375,2.60009765625,1575.0
2025-11-27,1575.0,1575.5,1556.0,1563.4000244140625,9794643,1548.8400146484375,1533.9700073242188,-0.4140391043325202,19.5,20.0400146484375,-11.5999755859375,5.0999755859375,1568.0
2025-11-28,1568.0,1581.300048828125,1563.0,1567.5,8959508,1554.2400146484374,1540.2200073242188,0.2622473789121313,18.300048828125,20.33001708984375,-0.5,4.5999755859375,1575.0
2025-12-01,1575.0,1577.5,1563.5999755859375,1566.0999755859375,8920233,1559.2400146484374,1545.6300048828125,-0.08931575209330143,13.9000244140625,20.5000244140625,-8.9000244140625,7.5,1561.0999755859375
2025-12-02,1561.0999755859375,1567.5,1542.0,1546.300048828125,11389150,1564.2800048828126,1549.5700073242188,-1.264282425545955,25.5,21.32001953125,-14.7999267578125,-5.0,1545.199951171875
2025-12-03,1545.199951171875,1552.4000244140625,1533.0,1538.800048828125,6090883,1564.8599853515625,1552.35,-0.485028763058239,19.4000244140625,22.23001708984375,-6.39990234375,-1.10009765625,1536.0
2025-12-04,1536.0,1560.5,1517.5999755859375,1535.5999755859375,11867930,1557.0599853515625,1552.95,-0.2079590031612307,42.9000244140625,24.10001220703125,-0.4000244140625,-2.800048828125,1530.4000244140625
2025-12-05,1530.4000244140625,1545.800048828125,1520.5999755859375,1540.5999755859375,10183266,1549.539990234375,1551.8900024414063,0.3256056316419355,25.2000732421875,24.85001220703125,10.199951171875,-5.199951171875,1539.199951171875
2025-12-08,1539.199951171875,1551.0,1535.0,1543.0,11301491,1542.37998046875,1550.8099975585938,0.15578504816928204,16.0,24.63001708984375,3.800048828125,-1.4000244140625,1540.300048828125
2025-12-09,1540.300048828125,1542.5,1520.0999755859375,1529.4000244140625,11503971,1538.2199951171874,1551.25,-0.8813982881359366,22.4000244140625,23.42001953125,-10.9000244140625,-2.699951171875,1534.0
2025-12-10,1534.0,1547.5,1531.4000244140625,1536.9000244140625,7991629,1535.9800048828124,1550.4199951171875,0.4903883797748316,16.0999755859375,21.92001953125,2.9000244140625,4.5999755859375,1536.9000244140625
2025-12-11,1536.9000244140625,1550.0,1524.0,1545.0,4706197,1536.160009765625,1546.6099975585937,0.5270333435660909,26.0,22.57001953125,8.0999755859375,0.0,1550.800048828125
2025-12-12,1550.800048828125,1559.800048828125,1546.0999755859375,1556.5,5106655,1540.2400146484374,1544.8900024414063,0.7443365695792881,13.7000732421875,22.11002197265625,5.699951171875,5.800048828125,1551.199951171875
2025-12-15,1551.199951171875,1558.5999755859375,1546.5,1556.199951171875,5774543,1542.6400146484375,1542.5099975585938,-0.01927714925313203,12.0999755859375,21.93001708984375,5.0,-5.300048828125,1545.0
2025-12-16,1545.0,1551.699951171875,1538.800048828125,1542.300048828125,11731856,1543.5800048828125,1540.9,-0.89319514071973,12.89990234375,20.67000732421875,-2.699951171875,-11.199951171875,1550.0
2025-12-17,1550.0,1550.0,1539.300048828125,1544.4000244140625,7116649,1546.7800048828126,1541.3800048828125,0.13615869282589402,10.699951171875,19.8,-5.5999755859375,7.699951171875,1535.199951171875
2025-12-18,1535.199951171875,1551.5,1535.199951171875,1544.4000244140625,6580829,1546.439990234375,1541.3,0.0,16.300048828125,17.14000244140625,9.2000732421875,-9.2000732421875,1554.4000244140625
2025-12-19,1554.4000244140625,1574.199951171875,1551.0,1565.0999755859375,13937275,1547.1599853515625,1543.7,1.340323157514094,23.199951171875,16.939990234375,10.699951171875,10.0,1573.5
2025-12-22,1573.5,1577.5,1565.300048828125,1575.4000244140625,10184852,1551.6199951171875,1547.1300048828125,0.6581080434985567,12.199951171875,16.5599853515625,1.9000244140625,8.4000244140625,1580.9000244140625
2025-12-23,1580.9000244140625,1580.9000244140625,1568.0999755859375,1570.699951171875,7506564,1558.8,1551.1900024414062,-0.2983415747968898,12.800048828125,15.59998779296875,-10.2000732421875,5.5,1572.699951171875
2025-12-24,1572.699951171875,1575.699951171875,1553.5999755859375,1558.199951171875,8815745,1563.339990234375,1555.0599975585938,-0.7958235429162611,22.0999755859375,16.19998779296875,-14.5,2.0,1554.699951171875
2025-12-26,1554.699951171875,1561.0,1554.300048828125,1559.199951171875,2311495,1567.239990234375,1556.839990234375,0.06417661605289683,6.699951171875,14.26998291015625,4.5,-3.5,1554.9000244140625
2025-12-29,1554.9000244140625,1558.0999755859375,1543.5999755859375,1545.5999755859375,5972105,1567.339990234375,1557.2499877929688,-0.8722406369828276,14.5,14.3499755859375,-9.300048828125,-4.2999267578125,1547.0
